Test Case ID,Illness,Back Stiffness,Bleeding Gums,Bunny Hopping,Difficulty Moving Elbow,Difficulty Opening Mouth,Difficulty Rising,Difficulty Running,Difficulty Standing,Difficulty Walking,Excessive Bleeding from Minor Wounds,Fever,Forelimb Lameness,Hindlimb Lameness,Hip Pain,Intermittent Lameness,Intermittent Limping,Jaw Pain,Joint Swelling,Lameness,Lethargy,Limb Swelling,Loss of Muscle Mass,Muscle Atrophy,Muscle Swelling,Nosebleeds,Pain,Prolonged Bleeding After Surgery or Injury,Reduced Activity,Reduced Appetite,Reduced Flexibility,Reluctance to Move,Shifting Leg Lameness,Skipping Gait,Stiffness,Sudden Carrying of Leg,Sunken Eyes,Waddling Gait,Weight Gain,Weight Loss,FC_Confidence,GB_Confidence,Symptom_Match_Ratio
Osteoarthritis_1,Osteoarthritis,0,0,0,0,0,0,0,1,1,0,0,0,0,0,0,0,0,1,1,1,0,0,0,0,0,1,0,1,0,0,0,0,0,1,0,0,0,1,0,0.9,0.9898,1
Osteoarthritis_2,Osteoarthritis,0,0,0,0,0,0,0,1,1,0,0,0,0,0,0,0,0,1,1,1,0,0,0,0,0,1,0,1,0,0,0,0,0,1,0,0,0,0,0,0.81,0.9828,0.888888889
Osteoarthritis_3,Osteoarthritis,0,0,0,0,0,0,0,1,1,0,0,0,0,0,0,0,0,1,1,1,0,0,0,0,0,1,0,1,0,0,0,0,0,1,0,0,0,0,0,0.81,0.9828,0.888888889
Osteoarthritis_4,Osteoarthritis,0,0,0,0,0,0,0,1,1,0,0,0,0,0,0,0,0,1,0,1,0,0,0,0,0,1,0,1,0,0,0,0,0,1,0,0,0,1,0,0.8,0.9879,0.888888889
Osteoarthritis_5,Osteoarthritis,0,0,0,0,0,0,0,1,1,0,0,0,0,0,0,0,0,1,1,1,0,0,0,0,0,1,0,0,0,0,0,0,0,1,0,0,0,1,0,0.8,0.988,0.888888889
Osteoarthritis_6,Osteoarthritis,0,0,0,0,0,0,0,1,1,0,0,0,0,0,0,0,0,1,1,1,0,0,0,0,0,1,0,1,0,0,0,0,0,1,0,0,0,1,0,0.9,0.9898,1
Osteoarthritis_7,Osteoarthritis,0,0,0,0,0,0,0,1,1,0,0,0,0,0,0,0,0,1,1,1,0,0,0,0,0,1,0,0,0,0,0,0,0,1,0,0,0,0,0,0.72,0.9787,0.777777778
Osteoarthritis_8,Osteoarthritis,0,0,0,0,0,0,0,1,1,0,0,0,0,0,0,0,0,1,1,1,0,0,0,0,0,1,0,1,0,0,0,0,0,1,0,0,0,1,0,0.9,0.9898,1
Osteoarthritis_9,Osteoarthritis,0,0,0,0,0,0,0,1,1,0,0,0,0,0,0,0,0,1,1,0,0,0,0,0,0,1,0,1,0,0,0,0,0,1,0,0,0,1,0,0.81,0.9878,0.888888889
Osteoarthritis_10,Osteoarthritis,0,0,0,0,0,0,0,1,1,0,0,0,0,0,0,0,0,1,1,1,0,0,0,0,0,1,0,0,0,0,0,0,0,1,0,0,0,0,0,0.72,0.9787,0.777777778
Osteoarthritis_11,Osteoarthritis,0,0,0,0,0,0,0,1,1,0,0,0,0,0,0,0,0,1,1,1,0,0,0,0,0,1,0,0,0,0,0,0,0,1,0,0,0,1,0,0.8,0.988,0.888888889
Osteoarthritis_12,Osteoarthritis,0,0,0,0,0,0,0,0,1,0,0,0,0,0,0,0,0,1,1,1,0,0,0,0,0,1,0,0,0,0,0,0,0,1,0,0,0,0,0,0.61,0.8807,0.666666667
Osteoarthritis_13,Osteoarthritis,0,0,0,0,0,0,0,1,1,0,0,0,0,0,0,0,0,1,1,0,0,0,0,0,0,1,0,1,0,0,0,0,0,1,0,0,0,1,0,0.81,0.9878,0.888888889
Osteoarthritis_14,Osteoarthritis,0,0,0,0,0,0,0,1,1,0,0,0,0,0,0,0,0,1,1,1,0,0,0,0,0,1,0,1,0,0,0,0,0,1,0,0,0,1,0,0.9,0.9898,1
Osteoarthritis_15,Osteoarthritis,0,0,0,0,0,0,0,1,1,0,0,0,0,0,0,0,0,1,1,1,0,0,0,0,0,1,0,0,0,0,0,0,0,1,0,0,0,1,0,0.8,0.988,0.888888889
Osteoarthritis_16,Osteoarthritis,0,0,0,0,0,0,0,1,1,0,0,0,0,0,0,0,0,1,1,0,0,0,0,0,0,1,0,1,0,0,0,0,0,1,0,0,0,1,0,0.81,0.9878,0.888888889
Osteoarthritis_17,Osteoarthritis,0,0,0,0,0,0,0,1,1,0,0,0,0,0,0,0,0,1,1,1,0,0,0,0,0,1,0,1,0,0,0,0,0,1,0,0,0,1,0,0.9,0.9898,1
Osteoarthritis_18,Osteoarthritis,0,0,0,0,0,0,0,1,1,0,0,0,0,0,0,0,0,1,1,0,0,0,0,0,0,1,0,0,0,0,0,0,0,1,0,0,0,1,0,0.72,0.9849,0.777777778
Osteoarthritis_19,Osteoarthritis,0,0,0,0,0,0,0,1,1,0,0,0,0,0,0,0,0,1,1,1,0,0,0,0,0,1,0,1,0,0,0,0,0,1,0,0,0,1,0,0.9,0.9898,1
Osteoarthritis_20,Osteoarthritis,0,0,0,0,0,0,0,1,1,0,0,0,0,0,0,0,0,1,1,0,0,0,0,0,0,1,0,1,0,0,0,0,0,1,0,0,0,0,0,0.73,0.9685,0.777777778
Osteoarthritis_21,Osteoarthritis,0,0,0,0,0,0,0,1,1,0,0,0,0,0,0,0,0,1,1,1,0,0,0,0,0,1,0,1,0,0,0,0,0,1,0,0,0,0,0,0.81,0.9828,0.888888889
Osteoarthritis_22,Osteoarthritis,0,0,0,0,0,0,0,1,1,0,0,0,0,0,0,0,0,1,1,0,0,0,0,0,0,1,0,1,0,0,0,0,0,1,0,0,0,0,0,0.73,0.9685,0.777777778
Osteoarthritis_23,Osteoarthritis,0,0,0,0,0,0,0,1,1,0,0,0,0,0,0,0,0,1,1,1,0,0,0,0,0,1,0,1,0,0,0,0,0,1,0,0,0,0,0,0.81,0.9828,0.888888889
Osteoarthritis_24,Osteoarthritis,0,0,0,0,0,0,0,1,1,0,0,0,0,0,0,0,0,1,1,1,0,0,0,0,0,1,0,0,0,0,0,0,0,1,0,0,0,1,0,0.8,0.988,0.888888889
Osteoarthritis_25,Osteoarthritis,0,0,0,0,0,0,0,1,1,0,0,0,0,0,0,0,0,1,1,0,0,0,0,0,0,1,0,0,0,0,0,0,0,1,0,0,0,1,0,0.72,0.9849,0.777777778
Osteoarthritis_26,Osteoarthritis,0,0,0,0,0,0,0,1,1,0,0,0,0,0,0,0,0,1,1,1,0,0,0,0,0,1,0,1,0,0,0,0,0,1,0,0,0,1,0,0.9,0.9898,1
Osteoarthritis_27,Osteoarthritis,0,0,0,0,0,0,0,1,1,0,0,0,0,0,0,0,0,1,0,1,0,0,0,0,0,1,0,1,0,0,0,0,0,1,0,0,0,1,0,0.8,0.9879,0.888888889
Osteoarthritis_28,Osteoarthritis,0,0,0,0,0,0,0,1,1,0,0,0,0,0,0,0,0,1,1,0,0,0,0,0,0,1,0,0,0,0,0,0,0,1,0,0,0,1,0,0.72,0.9849,0.777777778
Osteoarthritis_29,Osteoarthritis,0,0,0,0,0,0,0,1,1,0,0,0,0,0,0,0,0,1,1,1,0,0,0,0,0,1,0,1,0,0,0,0,0,1,0,0,0,1,0,0.9,0.9898,1
Osteoarthritis_30,Osteoarthritis,0,0,0,0,0,0,0,1,1,0,0,0,0,0,0,0,0,1,1,0,0,0,0,0,0,1,0,0,0,0,0,0,0,1,0,0,0,0,0,0.63,0.9595,0.666666667
Osteoarthritis_31,Osteoarthritis,0,0,0,0,0,0,0,1,1,0,0,0,0,0,0,0,0,1,1,1,0,0,0,0,0,1,0,1,0,0,0,0,0,1,0,0,0,0,0,0.81,0.9828,0.888888889
Osteoarthritis_32,Osteoarthritis,0,0,0,0,0,0,0,1,1,0,0,0,0,0,0,0,0,1,1,0,0,0,0,0,0,1,0,1,0,0,0,0,0,1,0,0,0,0,0,0.73,0.9685,0.777777778
Osteoarthritis_33,Osteoarthritis,0,0,0,0,0,0,0,1,1,0,0,0,0,0,0,0,0,1,1,1,0,0,0,0,0,1,0,1,0,0,0,0,0,1,0,0,0,1,0,0.9,0.9898,1
Osteoarthritis_34,Osteoarthritis,0,0,0,0,0,0,0,1,1,0,0,0,0,0,0,0,0,1,1,0,0,0,0,0,0,1,0,1,0,0,0,0,0,1,0,0,0,0,0,0.73,0.9685,0.777777778
Osteoarthritis_35,Osteoarthritis,0,0,0,0,0,0,0,1,1,0,0,0,0,0,0,0,0,1,1,0,0,0,0,0,0,1,0,0,0,0,0,0,0,1,0,0,0,1,0,0.72,0.9849,0.777777778
Osteoarthritis_36,Osteoarthritis,0,0,0,0,0,0,0,1,0,0,0,0,0,0,0,0,0,1,1,1,0,0,0,0,0,1,0,1,0,0,0,0,0,1,0,0,0,1,0,0.8,0.9488,0.888888889
Osteoarthritis_37,Osteoarthritis,0,0,0,0,0,0,0,1,1,0,0,0,0,0,0,0,0,1,1,0,0,0,0,0,0,1,0,0,0,0,0,0,0,1,0,0,0,1,0,0.72,0.9849,0.777777778
Osteoarthritis_38,Osteoarthritis,0,0,0,0,0,0,0,1,1,0,0,0,0,0,0,0,0,1,1,1,0,0,0,0,0,1,0,0,0,0,0,0,0,1,0,0,0,0,0,0.72,0.9787,0.777777778
Osteoarthritis_39,Osteoarthritis,0,0,0,0,0,0,0,1,1,0,0,0,0,0,0,0,0,1,1,0,0,0,0,0,0,1,0,0,0,0,0,0,0,1,0,0,0,1,0,0.72,0.9849,0.777777778
Osteoarthritis_40,Osteoarthritis,0,0,0,0,0,0,0,0,1,0,0,0,0,0,0,0,0,1,1,1,0,0,0,0,0,1,0,1,0,0,0,0,0,1,0,0,0,1,0,0.79,0.9726,0.888888889
Osteoarthritis_41,Osteoarthritis,0,0,0,0,0,0,0,1,1,0,0,0,0,0,0,0,0,1,1,0,0,0,0,0,0,1,0,1,0,0,0,0,0,1,0,0,0,1,0,0.81,0.9878,0.888888889
Osteoarthritis_42,Osteoarthritis,0,0,0,0,0,0,0,1,1,0,0,0,0,0,0,0,0,1,1,1,0,0,0,0,0,1,0,1,0,0,0,0,0,1,0,0,0,0,0,0.81,0.9828,0.888888889
Osteoarthritis_43,Osteoarthritis,0,0,0,0,0,0,0,1,1,0,0,0,0,0,0,0,0,1,1,1,0,0,0,0,0,1,0,1,0,0,0,0,0,1,0,0,0,0,0,0.81,0.9828,0.888888889
Osteoarthritis_44,Osteoarthritis,0,0,0,0,0,0,0,1,1,0,0,0,0,0,0,0,0,1,1,1,0,0,0,0,0,1,0,0,0,0,0,0,0,1,0,0,0,0,0,0.72,0.9787,0.777777778
Osteoarthritis_45,Osteoarthritis,0,0,0,0,0,0,0,1,1,0,0,0,0,0,0,0,0,1,1,1,0,0,0,0,0,1,0,1,0,0,0,0,0,1,0,0,0,1,0,0.9,0.9898,1
Osteoarthritis_46,Osteoarthritis,0,0,0,0,0,0,0,1,1,0,0,0,0,0,0,0,0,1,0,1,0,0,0,0,0,1,0,0,0,0,0,0,0,1,0,0,0,1,0,0.71,0.986,0.777777778
Osteoarthritis_47,Osteoarthritis,0,0,0,0,0,0,0,1,1,0,0,0,0,0,0,0,0,1,1,1,0,0,0,0,0,1,0,1,0,0,0,0,0,1,0,0,0,1,0,0.9,0.9898,1
Osteoarthritis_48,Osteoarthritis,0,0,0,0,0,0,0,1,0,0,0,0,0,0,0,0,0,1,1,1,0,0,0,0,0,1,0,1,0,0,0,0,0,1,0,0,0,1,0,0.8,0.9488,0.888888889
Osteoarthritis_49,Osteoarthritis,0,0,0,0,0,0,0,1,1,0,0,0,0,0,0,0,0,1,1,1,0,0,0,0,0,1,0,1,0,0,0,0,0,1,0,0,0,1,0,0.9,0.9898,1
Osteoarthritis_50,Osteoarthritis,0,0,0,0,0,0,0,1,1,0,0,0,0,0,0,0,0,1,0,1,0,0,0,0,0,1,0,0,0,0,0,0,0,1,0,0,0,0,0,0.62,0.9734,0.666666667
Hip Dysplasia_1,Hip Dysplasia,0,0,1,0,0,1,1,0,0,0,0,0,0,0,0,0,0,0,1,0,0,1,0,0,0,1,0,1,0,0,0,0,0,1,0,0,1,0,0,0.9,0.9912,1
Hip Dysplasia_2,Hip Dysplasia,0,0,0,0,0,0,0,0,0,0,0,0,0,0,0,0,0,0,1,0,0,1,0,0,0,1,0,1,0,0,0,0,0,1,0,0,0,0,0,0.5,0.8326,0.555555556
Hip Dysplasia_3,Hip Dysplasia,0,0,1,0,0,0,0,0,0,0,0,0,0,0,0,0,0,0,1,0,0,1,0,0,0,1,0,1,0,0,0,0,0,1,0,0,1,0,0,0.7,0.9857,0.777777778
Hip Dysplasia_4,Hip Dysplasia,0,0,1,0,0,1,1,0,0,0,0,0,0,0,0,0,0,0,1,0,0,0,0,0,0,1,0,1,0,0,0,0,0,1,0,0,1,0,0,0.8,0.9898,0.888888889
Hip Dysplasia_5,Hip Dysplasia,0,0,1,0,0,1,0,0,0,0,0,0,0,0,0,0,0,0,1,0,0,1,0,0,0,1,0,1,0,0,0,0,0,1,0,0,1,0,0,0.8,0.9897,0.888888889
Hip Dysplasia_6,Hip Dysplasia,0,0,0,0,0,0,1,0,0,0,0,0,0,0,0,0,0,0,1,0,0,1,0,0,0,1,0,1,0,0,0,0,0,1,0,0,0,0,0,0.6,0.9652,0.666666667
Hip Dysplasia_7,Hip Dysplasia,0,0,1,0,0,0,1,0,0,0,0,0,0,0,0,0,0,0,1,0,0,1,0,0,0,1,0,1,0,0,0,0,0,1,0,0,0,0,0,0.7,0.989,0.777777778
Hip Dysplasia_8,Hip Dysplasia,0,0,0,0,0,0,1,0,0,0,0,0,0,0,0,0,0,0,1,0,0,1,0,0,0,1,0,1,0,0,0,0,0,1,0,0,0,0,0,0.6,0.9652,0.666666667
Hip Dysplasia_9,Hip Dysplasia,0,0,0,0,0,1,1,0,0,0,0,0,0,0,0,0,0,0,1,0,0,1,0,0,0,1,0,1,0,0,0,0,0,1,0,0,1,0,0,0.8,0.9902,0.888888889
Hip Dysplasia_10,Hip Dysplasia,0,0,1,0,0,1,0,0,0,0,0,0,0,0,0,0,0,0,1,0,0,1,0,0,0,1,0,1,0,0,0,0,0,1,0,0,1,0,0,0.8,0.9897,0.888888889
Hip Dysplasia_11,Hip Dysplasia,0,0,0,0,0,0,1,0,0,0,0,0,0,0,0,0,0,0,0,0,0,1,0,0,0,1,0,1,0,0,0,0,0,1,0,0,1,0,0,0.6,0.9287,0.666666667
Hip Dysplasia_12,Hip Dysplasia,0,0,0,0,0,1,1,0,0,0,0,0,0,0,0,0,0,0,1,0,0,1,0,0,0,1,0,1,0,0,0,0,0,1,0,0,1,0,0,0.8,0.9902,0.888888889
Hip Dysplasia_13,Hip Dysplasia,0,0,1,0,0,0,0,0,0,0,0,0,0,0,0,0,0,0,1,0,0,1,0,0,0,1,0,1,0,0,0,0,0,1,0,0,0,0,0,0.6,0.9715,0.666666667
Hip Dysplasia_14,Hip Dysplasia,0,0,1,0,0,1,1,0,0,0,0,0,0,0,0,0,0,0,1,0,0,0,0,0,0,1,0,1,0,0,0,0,0,0,0,0,1,0,0,0.7,0.9857,0.777777778
Hip Dysplasia_15,Hip Dysplasia,0,0,0,0,0,1,0,0,0,0,0,0,0,0,0,0,0,0,1,0,0,1,0,0,0,1,0,1,0,0,0,0,0,1,0,0,1,0,0,0.7,0.9839,0.777777778
Hip Dysplasia_16,Hip Dysplasia,0,0,0,0,0,0,1,0,0,0,0,0,0,0,0,0,0,0,1,0,0,1,0,0,0,1,0,1,0,0,0,0,0,1,0,0,1,0,0,0.7,0.9839,0.777777778
Hip Dysplasia_17,Hip Dysplasia,0,0,1,0,0,1,0,0,0,0,0,0,0,0,0,0,0,0,1,0,0,1,0,0,0,1,0,1,0,0,0,0,0,1,0,0,0,0,0,0.7,0.9861,0.777777778
Hip Dysplasia_18,Hip Dysplasia,0,0,1,0,0,1,0,0,0,0,0,0,0,0,0,0,0,0,1,0,0,0,0,0,0,1,0,1,0,0,0,0,0,1,0,0,1,0,0,0.7,0.9841,0.777777778
Hip Dysplasia_19,Hip Dysplasia,0,0,0,0,0,1,1,0,0,0,0,0,0,0,0,0,0,0,1,0,0,1,0,0,0,1,0,1,0,0,0,0,0,1,0,0,1,0,0,0.8,0.9902,0.888888889
Hip Dysplasia_20,Hip Dysplasia,0,0,0,0,0,1,0,0,0,0,0,0,0,0,0,0,0,0,1,0,0,1,0,0,0,1,0,1,0,0,0,0,0,1,0,0,1,0,0,0.7,0.9839,0.777777778
Hip Dysplasia_21,Hip Dysplasia,0,0,1,0,0,0,0,0,0,0,0,0,0,0,0,0,0,0,1,0,0,1,0,0,0,1,0,1,0,0,0,0,0,1,0,0,1,0,0,0.7,0.9857,0.777777778
Hip Dysplasia_22,Hip Dysplasia,0,0,1,0,0,0,0,0,0,0,0,0,0,0,0,0,0,0,1,0,0,1,0,0,0,1,0,1,0,0,0,0,0,1,0,0,1,0,0,0.7,0.9857,0.777777778
Hip Dysplasia_23,Hip Dysplasia,0,0,1,0,0,1,1,0,0,0,0,0,0,0,0,0,0,0,1,0,0,0,0,0,0,1,0,1,0,0,0,0,0,1,0,0,0,0,0,0.7,0.9823,0.777777778
Hip Dysplasia_24,Hip Dysplasia,0,0,0,0,0,0,1,0,0,0,0,0,0,0,0,0,0,0,1,0,0,0,0,0,0,1,0,1,0,0,0,0,0,1,0,0,0,0,0,0.5,0.8257,0.555555556
Hip Dysplasia_25,Hip Dysplasia,0,0,1,0,0,0,0,0,0,0,0,0,0,0,0,0,0,0,1,0,0,1,0,0,0,1,0,0,0,0,0,0,0,1,0,0,1,0,0,0.6,0.9629,0.666666667
Hip Dysplasia_26,Hip Dysplasia,0,0,1,0,0,0,1,0,0,0,0,0,0,0,0,0,0,0,1,0,0,0,0,0,0,1,0,1,0,0,0,0,0,1,0,0,1,0,0,0.7,0.9881,0.777777778
Hip Dysplasia_27,Hip Dysplasia,0,0,1,0,0,0,1,0,0,0,0,0,0,0,0,0,0,0,1,0,0,1,0,0,0,1,0,1,0,0,0,0,0,1,0,0,0,0,0,0.7,0.989,0.777777778
Hip Dysplasia_28,Hip Dysplasia,0,0,1,0,0,1,0,0,0,0,0,0,0,0,0,0,0,0,1,0,0,1,0,0,0,1,0,1,0,0,0,0,0,1,0,0,1,0,0,0.8,0.9897,0.888888889
Hip Dysplasia_29,Hip Dysplasia,0,0,1,0,0,1,1,0,0,0,0,0,0,0,0,0,0,0,1,0,0,0,0,0,0,1,0,1,0,0,0,0,0,1,0,0,1,0,0,0.8,0.9898,0.888888889
Hip Dysplasia_30,Hip Dysplasia,0,0,1,0,0,0,1,0,0,0,0,0,0,0,0,0,0,0,1,0,0,0,0,0,0,1,0,1,0,0,0,0,0,1,0,0,0,0,0,0.6,0.9711,0.666666667
Hip Dysplasia_31,Hip Dysplasia,0,0,0,0,0,0,1,0,0,0,0,0,0,0,0,0,0,0,1,0,0,1,0,0,0,1,0,1,0,0,0,0,0,1,0,0,1,0,0,0.7,0.9839,0.777777778
Hip Dysplasia_32,Hip Dysplasia,0,0,1,0,0,1,0,0,0,0,0,0,0,0,0,0,0,0,1,0,0,1,0,0,0,1,0,1,0,0,0,0,0,1,0,0,1,0,0,0.8,0.9897,0.888888889
Hip Dysplasia_33,Hip Dysplasia,0,0,1,0,0,0,0,0,0,0,0,0,0,0,0,0,0,0,1,0,0,1,0,0,0,1,0,1,0,0,0,0,0,1,0,0,0,0,0,0.6,0.9715,0.666666667
Hip Dysplasia_34,Hip Dysplasia,0,0,1,0,0,1,1,0,0,0,0,0,0,0,0,0,0,0,1,0,0,1,0,0,0,1,0,1,0,0,0,0,0,1,0,0,1,0,0,0.9,0.9912,1
Hip Dysplasia_35,Hip Dysplasia,0,0,1,0,0,0,1,0,0,0,0,0,0,0,0,0,0,0,1,0,0,1,0,0,0,1,0,1,0,0,0,0,0,1,0,0,1,0,0,0.8,0.9918,0.888888889
Hip Dysplasia_36,Hip Dysplasia,0,0,0,0,0,1,0,0,0,0,0,0,0,0,0,0,0,0,1,0,0,1,0,0,0,1,0,1,0,0,0,0,0,1,0,0,1,0,0,0.7,0.9839,0.777777778
Hip Dysplasia_37,Hip Dysplasia,0,0,0,0,0,1,0,0,0,0,0,0,0,0,0,0,0,0,1,0,0,1,0,0,0,1,0,1,0,0,0,0,0,1,0,0,0,0,0,0.6,0.9758,0.666666667
Hip Dysplasia_38,Hip Dysplasia,0,0,1,0,0,1,0,0,0,0,0,0,0,0,0,0,0,0,1,0,0,0,0,0,0,1,0,1,0,0,0,0,0,1,0,0,0,0,0,0.6,0.9591,0.666666667
Hip Dysplasia_39,Hip Dysplasia,0,0,1,0,0,1,0,0,0,0,0,0,0,0,0,0,0,0,1,0,0,1,0,0,0,1,0,1,0,0,0,0,0,1,0,0,0,0,0,0.7,0.9861,0.777777778
Hip Dysplasia_40,Hip Dysplasia,0,0,0,0,0,1,1,0,0,0,0,0,0,0,0,0,0,0,1,0,0,1,0,0,0,1,0,1,0,0,0,0,0,1,0,0,1,0,0,0.8,0.9902,0.888888889
Hip Dysplasia_41,Hip Dysplasia,0,0,0,0,0,1,0,0,0,0,0,0,0,0,0,0,0,0,1,0,0,0,0,0,0,1,0,1,0,0,0,0,0,1,0,0,0,0,0,0.5,0.8497,0.555555556
Hip Dysplasia_42,Hip Dysplasia,0,0,0,0,0,0,1,0,0,0,0,0,0,0,0,0,0,0,1,0,0,1,0,0,0,1,0,1,0,0,0,0,0,1,0,0,0,0,0,0.6,0.9652,0.666666667
Hip Dysplasia_43,Hip Dysplasia,0,0,1,0,0,1,0,0,0,0,0,0,0,0,0,0,0,0,1,0,0,0,0,0,0,1,0,1,0,0,0,0,0,1,0,0,0,0,0,0.6,0.9591,0.666666667
Hip Dysplasia_44,Hip Dysplasia,0,0,1,0,0,1,1,0,0,0,0,0,0,0,0,0,0,0,1,0,0,0,0,0,0,1,0,1,0,0,0,0,0,1,0,0,1,0,0,0.8,0.9898,0.888888889
Hip Dysplasia_45,Hip Dysplasia,0,0,0,0,0,1,1,0,0,0,0,0,0,0,0,0,0,0,1,0,0,0,0,0,0,1,0,1,0,0,0,0,0,1,0,0,0,0,0,0.6,0.9611,0.666666667
Hip Dysplasia_46,Hip Dysplasia,0,0,1,0,0,1,1,0,0,0,0,0,0,0,0,0,0,0,1,0,0,1,0,0,0,1,0,1,0,0,0,0,0,1,0,0,1,0,0,0.9,0.9912,1
Hip Dysplasia_47,Hip Dysplasia,0,0,1,0,0,0,1,0,0,0,0,0,0,0,0,0,0,0,1,0,0,1,0,0,0,1,0,1,0,0,0,0,0,1,0,0,1,0,0,0.8,0.9918,0.888888889
Hip Dysplasia_48,Hip Dysplasia,0,0,1,0,0,0,0,0,0,0,0,0,0,0,0,0,0,0,1,0,0,1,0,0,0,1,0,1,0,0,0,0,0,1,0,0,1,0,0,0.7,0.9857,0.777777778
Hip Dysplasia_49,Hip Dysplasia,0,0,0,0,0,1,0,0,0,0,0,0,0,0,0,0,0,0,1,0,0,1,0,0,0,1,0,1,0,0,0,0,0,1,0,0,1,0,0,0.7,0.9839,0.777777778
Hip Dysplasia_50,Hip Dysplasia,0,0,1,0,0,1,1,0,0,0,0,0,0,0,0,0,0,0,1,0,0,1,0,0,0,1,0,1,0,0,0,0,0,1,0,0,0,0,0,0.8,0.9911,0.888888889
Elbow Dysplasia_1,Elbow Dysplasia,0,0,0,0,0,0,0,0,0,0,0,1,0,0,0,0,0,1,0,0,0,0,0,0,0,1,0,1,0,0,0,0,0,1,0,0,0,0,0,0.75,0.9504,0.833333333
Elbow Dysplasia_2,Elbow Dysplasia,0,0,0,1,0,0,0,0,0,0,0,1,0,0,0,0,0,0,0,0,0,0,0,0,0,1,0,0,0,0,0,0,0,1,0,0,0,0,0,0.6,0.9362,0.666666667
Elbow Dysplasia_3,Elbow Dysplasia,0,0,0,0,0,0,0,0,0,0,0,1,0,0,0,0,0,1,0,0,0,0,0,0,0,1,0,1,0,0,0,0,0,1,0,0,0,0,0,0.75,0.9504,0.833333333
Elbow Dysplasia_4,Elbow Dysplasia,0,0,0,1,0,0,0,0,0,0,0,1,0,0,0,0,0,1,0,0,0,0,0,0,0,1,0,0,0,0,0,0,0,1,0,0,0,0,0,0.75,0.9813,0.833333333
Elbow Dysplasia_5,Elbow Dysplasia,0,0,0,1,0,0,0,0,0,0,0,1,0,0,0,0,0,1,0,0,0,0,0,0,0,1,0,0,0,0,0,0,0,1,0,0,0,0,0,0.75,0.9813,0.833333333
Elbow Dysplasia_6,Elbow Dysplasia,0,0,0,0,0,0,0,0,0,0,0,1,0,0,0,0,0,1,0,0,0,0,0,0,0,1,0,0,0,0,0,0,0,1,0,0,0,0,0,0.6,0.9514,0.666666667
Elbow Dysplasia_7,Elbow Dysplasia,0,0,0,0,0,0,0,0,0,0,0,1,0,0,0,0,0,1,0,0,0,0,0,0,0,1,0,0,0,0,0,0,0,1,0,0,0,0,0,0.6,0.9514,0.666666667
Elbow Dysplasia_8,Elbow Dysplasia,0,0,0,1,0,0,0,0,0,0,0,1,0,0,0,0,0,1,0,0,0,0,0,0,0,1,0,0,0,0,0,0,0,1,0,0,0,0,0,0.75,0.9813,0.833333333
Elbow Dysplasia_9,Elbow Dysplasia,0,0,0,0,0,0,0,0,0,0,0,1,0,0,0,0,0,0,0,0,0,0,0,0,0,1,0,0,0,0,0,0,0,0,0,0,0,0,0,0.3,0.4374,0.333333333
Elbow Dysplasia_10,Elbow Dysplasia,0,0,0,0,0,0,0,0,0,0,0,1,0,0,0,0,0,1,0,0,0,0,0,0,0,1,0,0,0,0,0,0,0,1,0,0,0,0,0,0.6,0.9514,0.666666667
Elbow Dysplasia_11,Elbow Dysplasia,0,0,0,1,0,0,0,0,0,0,0,1,0,0,0,0,0,1,0,0,0,0,0,0,0,1,0,1,0,0,0,0,0,1,0,0,0,0,0,0.9,0.9788,1
Elbow Dysplasia_12,Elbow Dysplasia,0,0,0,0,0,0,0,0,0,0,0,1,0,0,0,0,0,1,0,0,0,0,0,0,0,1,0,1,0,0,0,0,0,1,0,0,0,0,0,0.75,0.9504,0.833333333
Elbow Dysplasia_13,Elbow Dysplasia,0,0,0,1,0,0,0,0,0,0,0,1,0,0,0,0,0,1,0,0,0,0,0,0,0,1,0,1,0,0,0,0,0,1,0,0,0,0,0,0.9,0.9788,1
Elbow Dysplasia_14,Elbow Dysplasia,0,0,0,1,0,0,0,0,0,0,0,1,0,0,0,0,0,1,0,0,0,0,0,0,0,1,0,0,0,0,0,0,0,1,0,0,0,0,0,0.75,0.9813,0.833333333
Elbow Dysplasia_15,Elbow Dysplasia,0,0,0,0,0,0,0,0,0,0,0,1,0,0,0,0,0,1,0,0,0,0,0,0,0,1,0,1,0,0,0,0,0,1,0,0,0,0,0,0.75,0.9504,0.833333333
Elbow Dysplasia_16,Elbow Dysplasia,0,0,0,1,0,0,0,0,0,0,0,1,0,0,0,0,0,1,0,0,0,0,0,0,0,1,0,1,0,0,0,0,0,1,0,0,0,0,0,0.9,0.9788,1
Elbow Dysplasia_17,Elbow Dysplasia,0,0,0,0,0,0,0,0,0,0,0,1,0,0,0,0,0,1,0,0,0,0,0,0,0,1,0,0,0,0,0,0,0,1,0,0,0,0,0,0.6,0.9514,0.666666667
Elbow Dysplasia_18,Elbow Dysplasia,0,0,0,1,0,0,0,0,0,0,0,1,0,0,0,0,0,1,0,0,0,0,0,0,0,1,0,1,0,0,0,0,0,1,0,0,0,0,0,0.9,0.9788,1
Elbow Dysplasia_19,Elbow Dysplasia,0,0,0,1,0,0,0,0,0,0,0,1,0,0,0,0,0,1,0,0,0,0,0,0,0,1,0,1,0,0,0,0,0,1,0,0,0,0,0,0.9,0.9788,1
Elbow Dysplasia_20,Elbow Dysplasia,0,0,0,1,0,0,0,0,0,0,0,1,0,0,0,0,0,1,0,0,0,0,0,0,0,1,0,1,0,0,0,0,0,1,0,0,0,0,0,0.9,0.9788,1
Elbow Dysplasia_21,Elbow Dysplasia,0,0,0,1,0,0,0,0,0,0,0,1,0,0,0,0,0,1,0,0,0,0,0,0,0,1,0,1,0,0,0,0,0,1,0,0,0,0,0,0.9,0.9788,1
Elbow Dysplasia_22,Elbow Dysplasia,0,0,0,1,0,0,0,0,0,0,0,1,0,0,0,0,0,1,0,0,0,0,0,0,0,1,0,1,0,0,0,0,0,1,0,0,0,0,0,0.9,0.9788,1
Elbow Dysplasia_23,Elbow Dysplasia,0,0,0,0,0,0,0,0,0,0,0,1,0,0,0,0,0,1,0,0,0,0,0,0,0,1,0,1,0,0,0,0,0,1,0,0,0,0,0,0.75,0.9504,0.833333333
Elbow Dysplasia_24,Elbow Dysplasia,0,0,0,1,0,0,0,0,0,0,0,1,0,0,0,0,0,1,0,0,0,0,0,0,0,1,0,0,0,0,0,0,0,0,0,0,0,0,0,0.6,0.9305,0.666666667
Elbow Dysplasia_25,Elbow Dysplasia,0,0,0,1,0,0,0,0,0,0,0,1,0,0,0,0,0,1,0,0,0,0,0,0,0,1,0,1,0,0,0,0,0,1,0,0,0,0,0,0.9,0.9788,1
Elbow Dysplasia_26,Elbow Dysplasia,0,0,0,1,0,0,0,0,0,0,0,1,0,0,0,0,0,1,0,0,0,0,0,0,0,1,0,1,0,0,0,0,0,1,0,0,0,0,0,0.9,0.9788,1
Elbow Dysplasia_27,Elbow Dysplasia,0,0,0,1,0,0,0,0,0,0,0,1,0,0,0,0,0,0,0,0,0,0,0,0,0,1,0,0,0,0,0,0,0,1,0,0,0,0,0,0.6,0.9362,0.666666667
Elbow Dysplasia_28,Elbow Dysplasia,0,0,0,1,0,0,0,0,0,0,0,1,0,0,0,0,0,1,0,0,0,0,0,0,0,1,0,1,0,0,0,0,0,1,0,0,0,0,0,0.9,0.9788,1
Elbow Dysplasia_29,Elbow Dysplasia,0,0,0,0,0,0,0,0,0,0,0,1,0,0,0,0,0,1,0,0,0,0,0,0,0,1,0,0,0,0,0,0,0,1,0,0,0,0,0,0.6,0.9514,0.666666667
Elbow Dysplasia_30,Elbow Dysplasia,0,0,0,1,0,0,0,0,0,0,0,1,0,0,0,0,0,1,0,0,0,0,0,0,0,1,0,1,0,0,0,0,0,1,0,0,0,0,0,0.9,0.9788,1
Luxating Patella_1,Luxating Patella,0,0,0,0,0,0,0,0,0,0,0,0,1,0,0,1,0,0,0,0,0,0,0,0,0,1,0,0,0,0,0,0,1,0,1,0,0,0,0,0.9,0.9854,1
Luxating Patella_2,Luxating Patella,0,0,0,0,0,0,0,0,0,0,0,0,1,0,0,0,0,0,0,0,0,0,0,0,0,1,0,0,0,0,0,0,1,0,1,0,0,0,0,0.72,0.9745,0.8
Luxating Patella_3,Luxating Patella,0,0,0,0,0,0,0,0,0,0,0,0,1,0,0,1,0,0,0,0,0,0,0,0,0,1,0,0,0,0,0,0,1,0,1,0,0,0,0,0.9,0.9854,1
Luxating Patella_4,Luxating Patella,0,0,0,0,0,0,0,0,0,0,0,0,1,0,0,1,0,0,0,0,0,0,0,0,0,1,0,0,0,0,0,0,1,0,1,0,0,0,0,0.9,0.9854,1
Luxating Patella_5,Luxating Patella,0,0,0,0,0,0,0,0,0,0,0,0,1,0,0,1,0,0,0,0,0,0,0,0,0,1,0,0,0,0,0,0,1,0,1,0,0,0,0,0.9,0.9854,1
Luxating Patella_6,Luxating Patella,0,0,0,0,0,0,0,0,0,0,0,0,1,0,0,1,0,0,0,0,0,0,0,0,0,1,0,0,0,0,0,0,0,0,1,0,0,0,0,0.72,0.9761,0.8
Luxating Patella_7,Luxating Patella,0,0,0,0,0,0,0,0,0,0,0,0,1,0,0,1,0,0,0,0,0,0,0,0,0,1,0,0,0,0,0,0,1,0,1,0,0,0,0,0.9,0.9854,1
Luxating Patella_8,Luxating Patella,0,0,0,0,0,0,0,0,0,0,0,0,1,0,0,1,0,0,0,0,0,0,0,0,0,1,0,0,0,0,0,0,1,0,1,0,0,0,0,0.9,0.9854,1
Luxating Patella_9,Luxating Patella,0,0,0,0,0,0,0,0,0,0,0,0,1,0,0,1,0,0,0,0,0,0,0,0,0,1,0,0,0,0,0,0,1,0,0,0,0,0,0,0.72,0.9712,0.8
Luxating Patella_10,Luxating Patella,0,0,0,0,0,0,0,0,0,0,0,0,1,0,0,1,0,0,0,0,0,0,0,0,0,1,0,0,0,0,0,0,1,0,1,0,0,0,0,0.9,0.9854,1
Luxating Patella_11,Luxating Patella,0,0,0,0,0,0,0,0,0,0,0,0,1,0,0,1,0,0,0,0,0,0,0,0,0,1,0,0,0,0,0,0,0,0,1,0,0,0,0,0.72,0.9761,0.8
Luxating Patella_12,Luxating Patella,0,0,0,0,0,0,0,0,0,0,0,0,1,0,0,1,0,0,0,0,0,0,0,0,0,1,0,0,0,0,0,0,1,0,0,0,0,0,0,0.72,0.9712,0.8
Luxating Patella_13,Luxating Patella,0,0,0,0,0,0,0,0,0,0,0,0,1,0,0,1,0,0,0,0,0,0,0,0,0,1,0,0,0,0,0,0,1,0,1,0,0,0,0,0.9,0.9854,1
Luxating Patella_14,Luxating Patella,0,0,0,0,0,0,0,0,0,0,0,0,1,0,0,1,0,0,0,0,0,0,0,0,0,1,0,0,0,0,0,0,1,0,1,0,0,0,0,0.9,0.9854,1
Luxating Patella_15,Luxating Patella,0,0,0,0,0,0,0,0,0,0,0,0,0,0,0,1,0,0,0,0,0,0,0,0,0,1,0,0,0,0,0,0,1,0,1,0,0,0,0,0.72,0.9703,0.8
Luxating Patella_16,Luxating Patella,0,0,0,0,0,0,0,0,0,0,0,0,0,0,0,1,0,0,0,0,0,0,0,0,0,1,0,0,0,0,0,0,0,0,1,0,0,0,0,0.54,0.9078,0.6
Luxating Patella_17,Luxating Patella,0,0,0,0,0,0,0,0,0,0,0,0,1,0,0,1,0,0,0,0,0,0,0,0,0,1,0,0,0,0,0,0,1,0,1,0,0,0,0,0.9,0.9854,1
Luxating Patella_18,Luxating Patella,0,0,0,0,0,0,0,0,0,0,0,0,0,0,0,1,0,0,0,0,0,0,0,0,0,1,0,0,0,0,0,0,1,0,1,0,0,0,0,0.72,0.9703,0.8
Luxating Patella_19,Luxating Patella,0,0,0,0,0,0,0,0,0,0,0,0,1,0,0,1,0,0,0,0,0,0,0,0,0,1,0,0,0,0,0,0,1,0,1,0,0,0,0,0.9,0.9854,1
Luxating Patella_20,Luxating Patella,0,0,0,0,0,0,0,0,0,0,0,0,1,0,0,1,0,0,0,0,0,0,0,0,0,1,0,0,0,0,0,0,1,0,1,0,0,0,0,0.9,0.9854,1
Luxating Patella_21,Luxating Patella,0,0,0,0,0,0,0,0,0,0,0,0,1,0,0,1,0,0,0,0,0,0,0,0,0,1,0,0,0,0,0,0,0,0,1,0,0,0,0,0.72,0.9761,0.8
Luxating Patella_22,Luxating Patella,0,0,0,0,0,0,0,0,0,0,0,0,1,0,0,1,0,0,0,0,0,0,0,0,0,1,0,0,0,0,0,0,1,0,1,0,0,0,0,0.9,0.9854,1
Luxating Patella_23,Luxating Patella,0,0,0,0,0,0,0,0,0,0,0,0,1,0,0,1,0,0,0,0,0,0,0,0,0,1,0,0,0,0,0,0,1,0,1,0,0,0,0,0.9,0.9854,1
Luxating Patella_24,Luxating Patella,0,0,0,0,0,0,0,0,0,0,0,0,1,0,0,1,0,0,0,0,0,0,0,0,0,1,0,0,0,0,0,0,1,0,1,0,0,0,0,0.9,0.9854,1
Luxating Patella_25,Luxating Patella,0,0,0,0,0,0,0,0,0,0,0,0,1,0,0,1,0,0,0,0,0,0,0,0,0,1,0,0,0,0,0,0,1,0,1,0,0,0,0,0.9,0.9854,1
Luxating Patella_26,Luxating Patella,0,0,0,0,0,0,0,0,0,0,0,0,1,0,0,1,0,0,0,0,0,0,0,0,0,1,0,0,0,0,0,0,1,0,1,0,0,0,0,0.9,0.9854,1
Luxating Patella_27,Luxating Patella,0,0,0,0,0,0,0,0,0,0,0,0,0,0,0,1,0,0,0,0,0,0,0,0,0,1,0,0,0,0,0,0,1,0,1,0,0,0,0,0.72,0.9703,0.8
Luxating Patella_28,Luxating Patella,0,0,0,0,0,0,0,0,0,0,0,0,0,0,0,1,0,0,0,0,0,0,0,0,0,1,0,0,0,0,0,0,1,0,1,0,0,0,0,0.72,0.9703,0.8
Luxating Patella_29,Luxating Patella,0,0,0,0,0,0,0,0,0,0,0,0,1,0,0,1,0,0,0,0,0,0,0,0,0,1,0,0,0,0,0,0,1,0,1,0,0,0,0,0.9,0.9854,1
Luxating Patella_30,Luxating Patella,0,0,0,0,0,0,0,0,0,0,0,0,1,0,0,1,0,0,0,0,0,0,0,0,0,1,0,0,0,0,0,0,1,0,1,0,0,0,0,0.9,0.9854,1
Luxating Patella_31,Luxating Patella,0,0,0,0,0,0,0,0,0,0,0,0,1,0,0,1,0,0,0,0,0,0,0,0,0,1,0,0,0,0,0,0,0,0,1,0,0,0,0,0.72,0.9761,0.8
Luxating Patella_32,Luxating Patella,0,0,0,0,0,0,0,0,0,0,0,0,1,0,0,1,0,0,0,0,0,0,0,0,0,1,0,0,0,0,0,0,1,0,1,0,0,0,0,0.9,0.9854,1
Luxating Patella_33,Luxating Patella,0,0,0,0,0,0,0,0,0,0,0,0,1,0,0,1,0,0,0,0,0,0,0,0,0,1,0,0,0,0,0,0,1,0,1,0,0,0,0,0.9,0.9854,1
Luxating Patella_34,Luxating Patella,0,0,0,0,0,0,0,0,0,0,0,0,1,0,0,1,0,0,0,0,0,0,0,0,0,1,0,0,0,0,0,0,1,0,1,0,0,0,0,0.9,0.9854,1
Luxating Patella_35,Luxating Patella,0,0,0,0,0,0,0,0,0,0,0,0,1,0,0,1,0,0,0,0,0,0,0,0,0,1,0,0,0,0,0,0,1,0,1,0,0,0,0,0.9,0.9854,1
Luxating Patella_36,Luxating Patella,0,0,0,0,0,0,0,0,0,0,0,0,1,0,0,1,0,0,0,0,0,0,0,0,0,1,0,0,0,0,0,0,1,0,1,0,0,0,0,0.9,0.9854,1
Luxating Patella_37,Luxating Patella,0,0,0,0,0,0,0,0,0,0,0,0,1,0,0,1,0,0,0,0,0,0,0,0,0,1,0,0,0,0,0,0,1,0,1,0,0,0,0,0.9,0.9854,1
Luxating Patella_38,Luxating Patella,0,0,0,0,0,0,0,0,0,0,0,0,1,0,0,1,0,0,0,0,0,0,0,0,0,1,0,0,0,0,0,0,1,0,1,0,0,0,0,0.9,0.9854,1
Luxating Patella_39,Luxating Patella,0,0,0,0,0,0,0,0,0,0,0,0,1,0,0,1,0,0,0,0,0,0,0,0,0,1,0,0,0,0,0,0,1,0,1,0,0,0,0,0.9,0.9854,1
Luxating Patella_40,Luxating Patella,0,0,0,0,0,0,0,0,0,0,0,0,1,0,0,1,0,0,0,0,0,0,0,0,0,1,0,0,0,0,0,0,1,0,1,0,0,0,0,0.9,0.9854,1
Luxating Patella_41,Luxating Patella,0,0,0,0,0,0,0,0,0,0,0,0,1,0,0,1,0,0,0,0,0,0,0,0,0,1,0,0,0,0,0,0,1,0,1,0,0,0,0,0.9,0.9854,1
Luxating Patella_42,Luxating Patella,0,0,0,0,0,0,0,0,0,0,0,0,1,0,0,1,0,0,0,0,0,0,0,0,0,1,0,0,0,0,0,0,1,0,1,0,0,0,0,0.9,0.9854,1
Luxating Patella_43,Luxating Patella,0,0,0,0,0,0,0,0,0,0,0,0,1,0,0,1,0,0,0,0,0,0,0,0,0,1,0,0,0,0,0,0,1,0,1,0,0,0,0,0.9,0.9854,1
Luxating Patella_44,Luxating Patella,0,0,0,0,0,0,0,0,0,0,0,0,1,0,0,1,0,0,0,0,0,0,0,0,0,1,0,0,0,0,0,0,1,0,1,0,0,0,0,0.9,0.9854,1
Luxating Patella_45,Luxating Patella,0,0,0,0,0,0,0,0,0,0,0,0,1,0,0,1,0,0,0,0,0,0,0,0,0,1,0,0,0,0,0,0,1,0,1,0,0,0,0,0.9,0.9854,1
Luxating Patella_46,Luxating Patella,0,0,0,0,0,0,0,0,0,0,0,0,1,0,0,0,0,0,0,0,0,0,0,0,0,1,0,0,0,0,0,0,1,0,1,0,0,0,0,0.72,0.9745,0.8
Luxating Patella_47,Luxating Patella,0,0,0,0,0,0,0,0,0,0,0,0,0,0,0,0,0,0,0,0,0,0,0,0,0,1,0,0,0,0,0,0,1,0,1,0,0,0,0,0.54,0.5931,0.6
Luxating Patella_48,Luxating Patella,0,0,0,0,0,0,0,0,0,0,0,0,1,0,0,1,0,0,0,0,0,0,0,0,0,1,0,0,0,0,0,0,1,0,1,0,0,0,0,0.9,0.9854,1
Luxating Patella_49,Luxating Patella,0,0,0,0,0,0,0,0,0,0,0,0,0,0,0,1,0,0,0,0,0,0,0,0,0,1,0,0,0,0,0,0,1,0,1,0,0,0,0,0.72,0.9703,0.8
Luxating Patella_50,Luxating Patella,0,0,0,0,0,0,0,0,0,0,0,0,1,0,0,1,0,0,0,0,0,0,0,0,0,1,0,0,0,0,0,0,1,0,1,0,0,0,0,0.9,0.9854,1
Osteochondritis Dissecans_1,Osteochondritis Dissecans,0,0,0,0,0,0,0,0,0,0,0,0,0,0,0,0,0,1,1,0,0,0,0,0,0,1,0,0,0,0,0,0,0,1,0,0,0,0,0,0.72,0.8109,0.8
Osteochondritis Dissecans_2,Osteochondritis Dissecans,0,0,0,0,0,0,0,0,0,0,0,0,0,0,0,0,0,1,1,0,0,0,0,0,0,1,0,0,0,0,0,0,0,1,0,0,0,0,0,0.72,0.8109,0.8
Osteochondritis Dissecans_3,Osteochondritis Dissecans,0,0,0,0,0,0,0,0,0,0,0,0,0,0,0,0,0,1,1,0,0,0,0,0,0,1,0,0,0,0,0,0,0,1,0,0,0,0,0,0.72,0.8109,0.8
Osteochondritis Dissecans_4,Osteochondritis Dissecans,0,0,0,0,0,0,0,0,0,0,0,0,0,0,0,0,0,1,1,0,0,0,0,0,0,1,0,1,0,0,0,0,0,1,0,0,0,0,0,0.9,0.9338,1
Osteochondritis Dissecans_5,Osteochondritis Dissecans,0,0,0,0,0,0,0,0,0,0,0,0,0,0,0,0,0,1,0,0,0,0,0,0,0,1,0,1,0,0,0,0,0,0,0,0,0,0,0,0.54,0.8615,0.6
Osteochondritis Dissecans_6,Osteochondritis Dissecans,0,0,0,0,0,0,0,0,0,0,0,0,0,0,0,0,0,1,1,0,0,0,0,0,0,1,0,1,0,0,0,0,0,1,0,0,0,0,0,0.9,0.9338,1
Osteochondritis Dissecans_7,Osteochondritis Dissecans,0,0,0,0,0,0,0,0,0,0,0,0,0,0,0,0,0,1,1,0,0,0,0,0,0,1,0,0,0,0,0,0,0,1,0,0,0,0,0,0.72,0.8109,0.8
Osteochondritis Dissecans_8,Osteochondritis Dissecans,0,0,0,0,0,0,0,0,0,0,0,0,0,0,0,0,0,1,1,0,0,0,0,0,0,1,0,1,0,0,0,0,0,1,0,0,0,0,0,0.9,0.9338,1
Osteochondritis Dissecans_9,Osteochondritis Dissecans,0,0,0,0,0,0,0,0,0,0,0,0,0,0,0,0,0,1,1,0,0,0,0,0,0,1,0,0,0,0,0,0,0,0,0,0,0,0,0,0.54,0.5393,0.6
Osteochondritis Dissecans_10,Osteochondritis Dissecans,0,0,0,0,0,0,0,0,0,0,0,0,0,0,0,0,0,1,1,0,0,0,0,0,0,1,0,1,0,0,0,0,0,1,0,0,0,0,0,0.9,0.9338,1
Osteochondritis Dissecans_11,Osteochondritis Dissecans,0,0,0,0,0,0,0,0,0,0,0,0,0,0,0,0,0,1,1,0,0,0,0,0,0,1,0,1,0,0,0,0,0,1,0,0,0,0,0,0.9,0.9338,1
Osteochondritis Dissecans_12,Osteochondritis Dissecans,0,0,0,0,0,0,0,0,0,0,0,0,0,0,0,0,0,1,1,0,0,0,0,0,0,1,0,1,0,0,0,0,0,1,0,0,0,0,0,0.9,0.9338,1
Osteochondritis Dissecans_13,Osteochondritis Dissecans,0,0,0,0,0,0,0,0,0,0,0,0,0,0,0,0,0,1,1,0,0,0,0,0,0,1,0,1,0,0,0,0,0,1,0,0,0,0,0,0.9,0.9338,1
Osteochondritis Dissecans_14,Osteochondritis Dissecans,0,0,0,0,0,0,0,0,0,0,0,0,0,0,0,0,0,1,1,0,0,0,0,0,0,1,0,1,0,0,0,0,0,1,0,0,0,0,0,0.9,0.9338,1
Osteochondritis Dissecans_15,Osteochondritis Dissecans,0,0,0,0,0,0,0,0,0,0,0,0,0,0,0,0,0,1,1,0,0,0,0,0,0,1,0,1,0,0,0,0,0,1,0,0,0,0,0,0.9,0.9338,1
Panosteitis_1,Panosteitis,0,0,0,0,0,0,0,0,0,0,0,0,0,0,1,0,0,0,0,0,0,0,0,0,0,1,0,0,0,0,1,1,0,0,0,0,0,0,1,0.9,0.9846,1
Panosteitis_2,Panosteitis,0,0,0,0,0,0,0,0,0,0,0,0,0,0,1,0,0,0,0,0,0,0,0,0,0,1,0,0,0,0,1,1,0,0,0,0,0,0,0,0.72,0.9805,0.8
Panosteitis_3,Panosteitis,0,0,0,0,0,0,0,0,0,0,0,0,0,0,1,0,0,0,0,0,0,0,0,0,0,1,0,0,0,0,0,1,0,0,0,0,0,0,0,0.54,0.9606,0.6
Panosteitis_4,Panosteitis,0,0,0,0,0,0,0,0,0,0,0,0,0,0,1,0,0,0,0,0,0,0,0,0,0,1,0,0,0,0,1,1,0,0,0,0,0,0,0,0.72,0.9805,0.8
Panosteitis_5,Panosteitis,0,0,0,0,0,0,0,0,0,0,0,0,0,0,1,0,0,0,0,0,0,0,0,0,0,1,0,0,0,0,1,1,0,0,0,0,0,0,0,0.72,0.9805,0.8
Panosteitis_6,Panosteitis,0,0,0,0,0,0,0,0,0,0,0,0,0,0,1,0,0,0,0,0,0,0,0,0,0,1,0,0,0,0,0,1,0,0,0,0,0,0,1,0.72,0.9762,0.8
Panosteitis_7,Panosteitis,0,0,0,0,0,0,0,0,0,0,0,0,0,0,1,0,0,0,0,0,0,0,0,0,0,1,0,0,0,0,1,1,0,0,0,0,0,0,0,0.72,0.9805,0.8
Panosteitis_8,Panosteitis,0,0,0,0,0,0,0,0,0,0,0,0,0,0,1,0,0,0,0,0,0,0,0,0,0,1,0,0,0,0,1,1,0,0,0,0,0,0,1,0.9,0.9846,1
Panosteitis_9,Panosteitis,0,0,0,0,0,0,0,0,0,0,0,0,0,0,1,0,0,0,0,0,0,0,0,0,0,1,0,0,0,0,1,1,0,0,0,0,0,0,0,0.72,0.9805,0.8
Panosteitis_10,Panosteitis,0,0,0,0,0,0,0,0,0,0,0,0,0,0,1,0,0,0,0,0,0,0,0,0,0,1,0,0,0,0,1,1,0,0,0,0,0,0,0,0.72,0.9805,0.8
Panosteitis_11,Panosteitis,0,0,0,0,0,0,0,0,0,0,0,0,0,0,1,0,0,0,0,0,0,0,0,0,0,1,0,0,0,0,1,1,0,0,0,0,0,0,1,0.9,0.9846,1
Panosteitis_12,Panosteitis,0,0,0,0,0,0,0,0,0,0,0,0,0,0,1,0,0,0,0,0,0,0,0,0,0,1,0,0,0,0,1,1,0,0,0,0,0,0,0,0.72,0.9805,0.8
Panosteitis_13,Panosteitis,0,0,0,0,0,0,0,0,0,0,0,0,0,0,1,0,0,0,0,0,0,0,0,0,0,1,0,0,0,0,1,1,0,0,0,0,0,0,1,0.9,0.9846,1
Panosteitis_14,Panosteitis,0,0,0,0,0,0,0,0,0,0,0,0,0,0,1,0,0,0,0,0,0,0,0,0,0,1,0,0,0,0,1,1,0,0,0,0,0,0,1,0.9,0.9846,1
Panosteitis_15,Panosteitis,0,0,0,0,0,0,0,0,0,0,0,0,0,0,1,0,0,0,0,0,0,0,0,0,0,1,0,0,0,0,1,1,0,0,0,0,0,0,1,0.9,0.9846,1
Panosteitis_16,Panosteitis,0,0,0,0,0,0,0,0,0,0,0,0,0,0,1,0,0,0,0,0,0,0,0,0,0,1,0,0,0,0,0,1,0,0,0,0,0,0,0,0.54,0.9606,0.6
Panosteitis_17,Panosteitis,0,0,0,0,0,0,0,0,0,0,0,0,0,0,1,0,0,0,0,0,0,0,0,0,0,1,0,0,0,0,1,1,0,0,0,0,0,0,0,0.72,0.9805,0.8
Panosteitis_18,Panosteitis,0,0,0,0,0,0,0,0,0,0,0,0,0,0,1,0,0,0,0,0,0,0,0,0,0,1,0,0,0,0,1,1,0,0,0,0,0,0,0,0.72,0.9805,0.8
Panosteitis_19,Panosteitis,0,0,0,0,0,0,0,0,0,0,0,0,0,0,1,0,0,0,0,0,0,0,0,0,0,1,0,0,0,0,1,1,0,0,0,0,0,0,1,0.9,0.9846,1
Panosteitis_20,Panosteitis,0,0,0,0,0,0,0,0,0,0,0,0,0,0,1,0,0,0,0,0,0,0,0,0,0,1,0,0,0,0,0,1,0,0,0,0,0,0,1,0.72,0.9762,0.8
Panosteitis_21,Panosteitis,0,0,0,0,0,0,0,0,0,0,0,0,0,0,1,0,0,0,0,0,0,0,0,0,0,1,0,0,0,0,0,1,0,0,0,0,0,0,0,0.54,0.9606,0.6
Panosteitis_22,Panosteitis,0,0,0,0,0,0,0,0,0,0,0,0,0,0,1,0,0,0,0,0,0,0,0,0,0,1,0,0,0,0,1,1,0,0,0,0,0,0,0,0.72,0.9805,0.8
Panosteitis_23,Panosteitis,0,0,0,0,0,0,0,0,0,0,0,0,0,0,1,0,0,0,0,0,0,0,0,0,0,1,0,0,0,0,1,1,0,0,0,0,0,0,0,0.72,0.9805,0.8
Panosteitis_24,Panosteitis,0,0,0,0,0,0,0,0,0,0,0,0,0,0,1,0,0,0,0,0,0,0,0,0,0,1,0,0,0,0,1,1,0,0,0,0,0,0,0,0.72,0.9805,0.8
Panosteitis_25,Panosteitis,0,0,0,0,0,0,0,0,0,0,0,0,0,0,1,0,0,0,0,0,0,0,0,0,0,1,0,0,0,0,1,1,0,0,0,0,0,0,0,0.72,0.9805,0.8
Panosteitis_26,Panosteitis,0,0,0,0,0,0,0,0,0,0,0,0,0,0,1,0,0,0,0,0,0,0,0,0,0,1,0,0,0,0,0,1,0,0,0,0,0,0,1,0.72,0.9762,0.8
Panosteitis_27,Panosteitis,0,0,0,0,0,0,0,0,0,0,0,0,0,0,1,0,0,0,0,0,0,0,0,0,0,1,0,0,0,0,0,1,0,0,0,0,0,0,0,0.54,0.9606,0.6
Panosteitis_28,Panosteitis,0,0,0,0,0,0,0,0,0,0,0,0,0,0,0,0,0,0,0,0,0,0,0,0,0,1,0,0,0,0,0,1,0,0,0,0,0,0,1,0.54,0.6954,0.6
Panosteitis_29,Panosteitis,0,0,0,0,0,0,0,0,0,0,0,0,0,0,1,0,0,0,0,0,0,0,0,0,0,1,0,0,0,0,0,1,0,0,0,0,0,0,1,0.72,0.9762,0.8
Panosteitis_30,Panosteitis,0,0,0,0,0,0,0,0,0,0,0,0,0,0,1,0,0,0,0,0,0,0,0,0,0,1,0,0,0,0,1,1,0,0,0,0,0,0,0,0.72,0.9805,0.8
Legg-Calve-Perthes Syndrome_1,Legg-Calve-Perthes Syndrome,0,0,0,0,0,0,0,0,1,0,0,0,0,1,0,0,0,0,1,0,0,0,1,0,0,0,0,0,0,0,0,0,0,1,0,0,0,0,0,0,0.9828,0
Legg-Calve-Perthes Syndrome_2,Legg-Calve-Perthes Syndrome,0,0,0,0,0,0,0,0,1,0,0,0,0,1,0,0,0,0,1,0,0,0,0,0,0,0,0,0,0,0,0,0,0,1,0,0,0,0,0,0,0.9652,0
Legg-Calve-Perthes Syndrome_3,Legg-Calve-Perthes Syndrome,0,0,0,0,0,0,0,0,0,0,0,0,0,1,0,0,0,0,1,0,0,0,1,0,0,0,0,0,0,0,0,0,0,1,0,0,0,0,0,0,0.7978,0
Legg-Calve-Perthes Syndrome_4,Legg-Calve-Perthes Syndrome,0,0,0,0,0,0,0,0,1,0,0,0,0,1,0,0,0,0,1,0,0,0,0,0,0,0,0,0,0,0,0,0,0,1,0,0,0,0,0,0,0.9652,0
Legg-Calve-Perthes Syndrome_5,Legg-Calve-Perthes Syndrome,0,0,0,0,0,0,0,0,1,0,0,0,0,1,0,0,0,0,1,0,0,0,0,0,0,0,0,0,0,0,0,0,0,1,0,0,0,0,0,0,0.9652,0
Legg-Calve-Perthes Syndrome_6,Legg-Calve-Perthes Syndrome,0,0,0,0,0,0,0,0,1,0,0,0,0,1,0,0,0,0,1,0,0,0,1,0,0,0,0,0,0,0,0,0,0,1,0,0,0,0,0,0,0.9828,0
Legg-Calve-Perthes Syndrome_7,Legg-Calve-Perthes Syndrome,0,0,0,0,0,0,0,0,1,0,0,0,0,1,0,0,0,0,1,0,0,0,1,0,0,0,0,0,0,0,0,0,0,1,0,0,0,0,0,0,0.9828,0
Legg-Calve-Perthes Syndrome_8,Legg-Calve-Perthes Syndrome,0,0,0,0,0,0,0,0,1,0,0,0,0,1,0,0,0,0,1,0,0,0,0,0,0,0,0,0,0,0,0,0,0,1,0,0,0,0,0,0,0.9652,0
Legg-Calve-Perthes Syndrome_9,Legg-Calve-Perthes Syndrome,0,0,0,0,0,0,0,0,1,0,0,0,0,1,0,0,0,0,1,0,0,0,0,0,0,0,0,0,0,0,0,0,0,1,0,0,0,0,0,0,0.9652,0
Legg-Calve-Perthes Syndrome_10,Legg-Calve-Perthes Syndrome,0,0,0,0,0,0,0,0,1,0,0,0,0,1,0,0,0,0,1,0,0,0,1,0,0,0,0,0,0,0,0,0,0,1,0,0,0,0,0,0,0.9828,0
Legg-Calve-Perthes Syndrome_11,Legg-Calve-Perthes Syndrome,0,0,0,0,0,0,0,0,1,0,0,0,0,1,0,0,0,0,1,0,0,0,1,0,0,0,0,0,0,0,0,0,0,1,0,0,0,0,0,0,0.9828,0
Legg-Calve-Perthes Syndrome_12,Legg-Calve-Perthes Syndrome,0,0,0,0,0,0,0,0,1,0,0,0,0,1,0,0,0,0,1,0,0,0,0,0,0,0,0,0,0,0,0,0,0,1,0,0,0,0,0,0,0.9652,0
Legg-Calve-Perthes Syndrome_13,Legg-Calve-Perthes Syndrome,0,0,0,0,0,0,0,0,1,0,0,0,0,1,0,0,0,0,1,0,0,0,1,0,0,0,0,0,0,0,0,0,0,1,0,0,0,0,0,0,0.9828,0
Legg-Calve-Perthes Syndrome_14,Legg-Calve-Perthes Syndrome,0,0,0,0,0,0,0,0,1,0,0,0,0,1,0,0,0,0,0,0,0,0,0,0,0,0,0,0,0,0,0,0,0,1,0,0,0,0,0,0,0.9112,0
Legg-Calve-Perthes Syndrome_15,Legg-Calve-Perthes Syndrome,0,0,0,0,0,0,0,0,1,0,0,0,0,1,0,0,0,0,1,0,0,0,0,0,0,0,0,0,0,0,0,0,0,1,0,0,0,0,0,0,0.9652,0
Legg-Calve-Perthes Syndrome_16,Legg-Calve-Perthes Syndrome,0,0,0,0,0,0,0,0,1,0,0,0,0,1,0,0,0,0,1,0,0,0,1,0,0,0,0,0,0,0,0,0,0,1,0,0,0,0,0,0,0.9828,0
Legg-Calve-Perthes Syndrome_17,Legg-Calve-Perthes Syndrome,0,0,0,0,0,0,0,0,1,0,0,0,0,1,0,0,0,0,1,0,0,0,0,0,0,0,0,0,0,0,0,0,0,1,0,0,0,0,0,0,0.9652,0
Legg-Calve-Perthes Syndrome_18,Legg-Calve-Perthes Syndrome,0,0,0,0,0,0,0,0,1,0,0,0,0,1,0,0,0,0,1,0,0,0,0,0,0,0,0,0,0,0,0,0,0,1,0,0,0,0,0,0,0.9652,0
Legg-Calve-Perthes Syndrome_19,Legg-Calve-Perthes Syndrome,0,0,0,0,0,0,0,0,1,0,0,0,0,1,0,0,0,0,1,0,0,0,1,0,0,0,0,0,0,0,0,0,0,0,0,0,0,0,0,0,0.9673,0
Legg-Calve-Perthes Syndrome_20,Legg-Calve-Perthes Syndrome,0,0,0,0,0,0,0,0,1,0,0,0,0,1,0,0,0,0,1,0,0,0,1,0,0,0,0,0,0,0,0,0,0,1,0,0,0,0,0,0,0.9828,0
Legg-Calve-Perthes Syndrome_21,Legg-Calve-Perthes Syndrome,0,0,0,0,0,0,0,0,1,0,0,0,0,1,0,0,0,0,1,0,0,0,1,0,0,0,0,0,0,0,0,0,0,1,0,0,0,0,0,0,0.9828,0
Legg-Calve-Perthes Syndrome_22,Legg-Calve-Perthes Syndrome,0,0,0,0,0,0,0,0,1,0,0,0,0,1,0,0,0,0,1,0,0,0,0,0,0,0,0,0,0,0,0,0,0,1,0,0,0,0,0,0,0.9652,0
Legg-Calve-Perthes Syndrome_23,Legg-Calve-Perthes Syndrome,0,0,0,0,0,0,0,0,1,0,0,0,0,1,0,0,0,0,1,0,0,0,0,0,0,0,0,0,0,0,0,0,0,1,0,0,0,0,0,0,0.9652,0
Legg-Calve-Perthes Syndrome_24,Legg-Calve-Perthes Syndrome,0,0,0,0,0,0,0,0,1,0,0,0,0,1,0,0,0,0,1,0,0,0,0,0,0,0,0,0,0,0,0,0,0,1,0,0,0,0,0,0,0.9652,0
Legg-Calve-Perthes Syndrome_25,Legg-Calve-Perthes Syndrome,0,0,0,0,0,0,0,0,0,0,0,0,0,1,0,0,0,0,1,0,0,0,1,0,0,0,0,0,0,0,0,0,0,1,0,0,0,0,0,0,0.7978,0
Legg-Calve-Perthes Syndrome_26,Legg-Calve-Perthes Syndrome,0,0,0,0,0,0,0,0,1,0,0,0,0,1,0,0,0,0,1,0,0,0,0,0,0,0,0,0,0,0,0,0,0,1,0,0,0,0,0,0,0.9652,0
Legg-Calve-Perthes Syndrome_27,Legg-Calve-Perthes Syndrome,0,0,0,0,0,0,0,0,1,0,0,0,0,1,0,0,0,0,1,0,0,0,1,0,0,0,0,0,0,0,0,0,0,1,0,0,0,0,0,0,0.9828,0
Legg-Calve-Perthes Syndrome_28,Legg-Calve-Perthes Syndrome,0,0,0,0,0,0,0,0,1,0,0,0,0,1,0,0,0,0,1,0,0,0,1,0,0,0,0,0,0,0,0,0,0,1,0,0,0,0,0,0,0.9828,0
Legg-Calve-Perthes Syndrome_29,Legg-Calve-Perthes Syndrome,0,0,0,0,0,0,0,0,1,0,0,0,0,1,0,0,0,0,0,0,0,0,0,0,0,0,0,0,0,0,0,0,0,1,0,0,0,0,0,0,0.9112,0
Legg-Calve-Perthes Syndrome_30,Legg-Calve-Perthes Syndrome,0,0,0,0,0,0,0,0,1,0,0,0,0,1,0,0,0,0,1,0,0,0,0,0,0,0,0,0,0,0,0,0,0,1,0,0,0,0,0,0,0.9652,0
Hypertrophic Osteopathy_1,Hypertrophic Osteopathy,0,0,0,0,0,0,0,0,0,0,0,0,0,0,0,0,0,0,0,0,0,0,0,0,0,1,0,0,0,0,0,0,0,1,0,0,0,0,0,0.36,0.4421,0.4
Hypertrophic Osteopathy_2,Hypertrophic Osteopathy,0,0,0,0,0,0,0,0,0,0,0,0,0,0,0,0,0,0,1,0,1,0,0,0,0,1,0,0,0,0,1,0,0,1,0,0,0,0,0,0.9,0.9939,1
Hypertrophic Osteopathy_3,Hypertrophic Osteopathy,0,0,0,0,0,0,0,0,0,0,0,0,0,0,0,0,0,0,1,0,1,0,0,0,0,1,0,0,0,0,1,0,0,0,0,0,0,0,0,0.72,0.9801,0.8
Hypertrophic Osteopathy_4,Hypertrophic Osteopathy,0,0,0,0,0,0,0,0,0,0,0,0,0,0,0,0,0,0,1,0,1,0,0,0,0,1,0,0,0,0,1,0,0,1,0,0,0,0,0,0.9,0.9939,1
Hypertrophic Osteopathy_5,Hypertrophic Osteopathy,0,0,0,0,0,0,0,0,0,0,0,0,0,0,0,0,0,0,0,0,1,0,0,0,0,1,0,0,0,0,1,0,0,1,0,0,0,0,0,0.72,0.9935,0.8
Hypertrophic Osteopathy_6,Hypertrophic Osteopathy,0,0,0,0,0,0,0,0,0,0,0,0,0,0,0,0,0,0,1,0,1,0,0,0,0,1,0,0,0,0,1,0,0,1,0,0,0,0,0,0.9,0.9939,1
Hypertrophic Osteopathy_7,Hypertrophic Osteopathy,0,0,0,0,0,0,0,0,0,0,0,0,0,0,0,0,0,0,1,0,0,0,0,0,0,1,0,0,0,0,0,0,0,1,0,0,0,0,0,0.54,0.4682,0.6
Hypertrophic Osteopathy_8,Hypertrophic Osteopathy,0,0,0,0,0,0,0,0,0,0,0,0,0,0,0,0,0,0,1,0,1,0,0,0,0,1,0,0,0,0,1,0,0,1,0,0,0,0,0,0.9,0.9939,1
Hypertrophic Osteopathy_9,Hypertrophic Osteopathy,0,0,0,0,0,0,0,0,0,0,0,0,0,0,0,0,0,0,1,0,1,0,0,0,0,1,0,0,0,0,1,0,0,1,0,0,0,0,0,0.9,0.9939,1
Hypertrophic Osteopathy_10,Hypertrophic Osteopathy,0,0,0,0,0,0,0,0,0,0,0,0,0,0,0,0,0,0,1,0,1,0,0,0,0,1,0,0,0,0,1,0,0,1,0,0,0,0,0,0.9,0.9939,1
Hypertrophic Osteopathy_11,Hypertrophic Osteopathy,0,0,0,0,0,0,0,0,0,0,0,0,0,0,0,0,0,0,0,0,1,0,0,0,0,1,0,0,0,0,1,0,0,1,0,0,0,0,0,0.72,0.9935,0.8
Hypertrophic Osteopathy_12,Hypertrophic Osteopathy,0,0,0,0,0,0,0,0,0,0,0,0,0,0,0,0,0,0,1,0,1,0,0,0,0,1,0,0,0,0,1,0,0,1,0,0,0,0,0,0.9,0.9939,1
Hypertrophic Osteopathy_13,Hypertrophic Osteopathy,0,0,0,0,0,0,0,0,0,0,0,0,0,0,0,0,0,0,1,0,1,0,0,0,0,1,0,0,0,0,1,0,0,1,0,0,0,0,0,0.9,0.9939,1
Hypertrophic Osteopathy_14,Hypertrophic Osteopathy,0,0,0,0,0,0,0,0,0,0,0,0,0,0,0,0,0,0,1,0,1,0,0,0,0,1,0,0,0,0,1,0,0,1,0,0,0,0,0,0.9,0.9939,1
Hypertrophic Osteopathy_15,Hypertrophic Osteopathy,0,0,0,0,0,0,0,0,0,0,0,0,0,0,0,0,0,0,1,0,1,0,0,0,0,1,0,0,0,0,1,0,0,1,0,0,0,0,0,0.9,0.9939,1
Hypertrophic Osteodystrophy_1,Hypertrophic Osteodystrophy,0,0,0,0,0,0,0,0,0,0,1,0,0,0,0,0,0,1,1,0,0,0,0,0,0,1,0,0,0,0,1,0,0,0,0,0,0,0,0,0.9,0.9841,1
Hypertrophic Osteodystrophy_2,Hypertrophic Osteodystrophy,0,0,0,0,0,0,0,0,0,0,1,0,0,0,0,0,0,1,1,0,0,0,0,0,0,1,0,0,0,0,1,0,0,0,0,0,0,0,0,0.9,0.9841,1
Hypertrophic Osteodystrophy_3,Hypertrophic Osteodystrophy,0,0,0,0,0,0,0,0,0,0,1,0,0,0,0,0,0,1,1,0,0,0,0,0,0,1,0,0,0,0,1,0,0,0,0,0,0,0,0,0.9,0.9841,1
Hypertrophic Osteodystrophy_4,Hypertrophic Osteodystrophy,0,0,0,0,0,0,0,0,0,0,1,0,0,0,0,0,0,1,1,0,0,0,0,0,0,1,0,0,0,0,1,0,0,0,0,0,0,0,0,0.9,0.9841,1
Hypertrophic Osteodystrophy_5,Hypertrophic Osteodystrophy,0,0,0,0,0,0,0,0,0,0,1,0,0,0,0,0,0,0,1,0,0,0,0,0,0,1,0,0,0,0,1,0,0,0,0,0,0,0,0,0.75,0.2602,0.8
Hypertrophic Osteodystrophy_6,Hypertrophic Osteodystrophy,0,0,0,0,0,0,0,0,0,0,1,0,0,0,0,0,0,1,1,0,0,0,0,0,0,1,0,0,0,0,1,0,0,0,0,0,0,0,0,0.9,0.9841,1
Hypertrophic Osteodystrophy_7,Hypertrophic Osteodystrophy,0,0,0,0,0,0,0,0,0,0,1,0,0,0,0,0,0,1,1,0,0,0,0,0,0,1,0,0,0,0,1,0,0,0,0,0,0,0,0,0.9,0.9841,1
Hypertrophic Osteodystrophy_8,Hypertrophic Osteodystrophy,0,0,0,0,0,0,0,0,0,0,1,0,0,0,0,0,0,1,1,0,0,0,0,0,0,1,0,0,0,0,1,0,0,0,0,0,0,0,0,0.9,0.9841,1
Hypertrophic Osteodystrophy_9,Hypertrophic Osteodystrophy,0,0,0,0,0,0,0,0,0,0,1,0,0,0,0,0,0,1,1,0,0,0,0,0,0,1,0,0,0,0,0,0,0,0,0,0,0,0,0,0.75,0.9489,0.8
Hypertrophic Osteodystrophy_10,Hypertrophic Osteodystrophy,0,0,0,0,0,0,0,0,0,0,1,0,0,0,0,0,0,1,0,0,0,0,0,0,0,1,0,0,0,0,1,0,0,0,0,0,0,0,0,0.75,0.9574,0.8
Hypertrophic Osteodystrophy_11,Hypertrophic Osteodystrophy,0,0,0,0,0,0,0,0,0,0,1,0,0,0,0,0,0,1,1,0,0,0,0,0,0,1,0,0,0,0,1,0,0,0,0,0,0,0,0,0.9,0.9841,1
Hypertrophic Osteodystrophy_12,Hypertrophic Osteodystrophy,0,0,0,0,0,0,0,0,0,0,1,0,0,0,0,0,0,1,1,0,0,0,0,0,0,1,0,0,0,0,1,0,0,0,0,0,0,0,0,0.9,0.9841,1
Hypertrophic Osteodystrophy_13,Hypertrophic Osteodystrophy,0,0,0,0,0,0,0,0,0,0,1,0,0,0,0,0,0,1,1,0,0,0,0,0,0,1,0,0,0,0,1,0,0,0,0,0,0,0,0,0.9,0.9841,1
Hypertrophic Osteodystrophy_14,Hypertrophic Osteodystrophy,0,0,0,0,0,0,0,0,0,0,1,0,0,0,0,0,0,1,1,0,0,0,0,0,0,1,0,0,0,0,1,0,0,0,0,0,0,0,0,0.9,0.9841,1
Hypertrophic Osteodystrophy_15,Hypertrophic Osteodystrophy,0,0,0,0,0,0,0,0,0,0,1,0,0,0,0,0,0,1,1,0,0,0,0,0,0,1,0,0,0,0,1,0,0,0,0,0,0,0,0,0.9,0.9841,1
Spondylosis_1,Spondylosis,1,0,0,0,0,1,0,0,0,0,0,0,0,0,0,0,0,0,1,0,0,0,0,0,0,1,0,0,0,1,0,0,0,0,0,0,0,0,0,0.9,0.9854,1
Spondylosis_2,Spondylosis,1,0,0,0,0,1,0,0,0,0,0,0,0,0,0,0,0,0,1,0,0,0,0,0,0,1,0,0,0,1,0,0,0,0,0,0,0,0,0,0.9,0.9854,1
Spondylosis_3,Spondylosis,1,0,0,0,0,1,0,0,0,0,0,0,0,0,0,0,0,0,1,0,0,0,0,0,0,1,0,0,0,1,0,0,0,0,0,0,0,0,0,0.9,0.9854,1
Spondylosis_4,Spondylosis,1,0,0,0,0,1,0,0,0,0,0,0,0,0,0,0,0,0,1,0,0,0,0,0,0,1,0,0,0,1,0,0,0,0,0,0,0,0,0,0.9,0.9854,1
Spondylosis_5,Spondylosis,1,0,0,0,0,1,0,0,0,0,0,0,0,0,0,0,0,0,1,0,0,0,0,0,0,1,0,0,0,1,0,0,0,0,0,0,0,0,0,0.9,0.9854,1
Spondylosis_6,Spondylosis,1,0,0,0,0,1,0,0,0,0,0,0,0,0,0,0,0,0,1,0,0,0,0,0,0,1,0,0,0,1,0,0,0,0,0,0,0,0,0,0.9,0.9854,1
Spondylosis_7,Spondylosis,1,0,0,0,0,1,0,0,0,0,0,0,0,0,0,0,0,0,1,0,0,0,0,0,0,1,0,0,0,1,0,0,0,0,0,0,0,0,0,0.9,0.9854,1
Spondylosis_8,Spondylosis,1,0,0,0,0,1,0,0,0,0,0,0,0,0,0,0,0,0,1,0,0,0,0,0,0,1,0,0,0,1,0,0,0,0,0,0,0,0,0,0.9,0.9854,1
Spondylosis_9,Spondylosis,0,0,0,0,0,0,0,0,0,0,0,0,0,0,0,0,0,0,1,0,0,0,0,0,0,1,0,0,0,1,0,0,0,0,0,0,0,0,0,0.54,0.8666,0.6
Spondylosis_10,Spondylosis,1,0,0,0,0,1,0,0,0,0,0,0,0,0,0,0,0,0,1,0,0,0,0,0,0,1,0,0,0,1,0,0,0,0,0,0,0,0,0,0.9,0.9854,1
Spondylosis_11,Spondylosis,1,0,0,0,0,1,0,0,0,0,0,0,0,0,0,0,0,0,1,0,0,0,0,0,0,1,0,0,0,1,0,0,0,0,0,0,0,0,0,0.9,0.9854,1
Spondylosis_12,Spondylosis,1,0,0,0,0,1,0,0,0,0,0,0,0,0,0,0,0,0,1,0,0,0,0,0,0,1,0,0,0,1,0,0,0,0,0,0,0,0,0,0.9,0.9854,1
Spondylosis_13,Spondylosis,1,0,0,0,0,1,0,0,0,0,0,0,0,0,0,0,0,0,1,0,0,0,0,0,0,1,0,0,0,1,0,0,0,0,0,0,0,0,0,0.9,0.9854,1
Spondylosis_14,Spondylosis,1,0,0,0,0,1,0,0,0,0,0,0,0,0,0,0,0,0,1,0,0,0,0,0,0,1,0,0,0,1,0,0,0,0,0,0,0,0,0,0.9,0.9854,1
Spondylosis_15,Spondylosis,1,0,0,0,0,0,0,0,0,0,0,0,0,0,0,0,0,0,1,0,0,0,0,0,0,1,0,0,0,1,0,0,0,0,0,0,0,0,0,0.72,0.9715,0.8
Spondylosis_16,Spondylosis,1,0,0,0,0,1,0,0,0,0,0,0,0,0,0,0,0,0,1,0,0,0,0,0,0,1,0,0,0,1,0,0,0,0,0,0,0,0,0,0.9,0.9854,1
Spondylosis_17,Spondylosis,1,0,0,0,0,1,0,0,0,0,0,0,0,0,0,0,0,0,1,0,0,0,0,0,0,1,0,0,0,0,0,0,0,0,0,0,0,0,0,0.72,0.9428,0.8
Spondylosis_18,Spondylosis,1,0,0,0,0,1,0,0,0,0,0,0,0,0,0,0,0,0,1,0,0,0,0,0,0,1,0,0,0,1,0,0,0,0,0,0,0,0,0,0.9,0.9854,1
Spondylosis_19,Spondylosis,1,0,0,0,0,1,0,0,0,0,0,0,0,0,0,0,0,0,1,0,0,0,0,0,0,1,0,0,0,1,0,0,0,0,0,0,0,0,0,0.9,0.9854,1
Spondylosis_20,Spondylosis,1,0,0,0,0,1,0,0,0,0,0,0,0,0,0,0,0,0,1,0,0,0,0,0,0,1,0,0,0,1,0,0,0,0,0,0,0,0,0,0.9,0.9854,1
Spondylosis_21,Spondylosis,1,0,0,0,0,1,0,0,0,0,0,0,0,0,0,0,0,0,1,0,0,0,0,0,0,1,0,0,0,1,0,0,0,0,0,0,0,0,0,0.9,0.9854,1
Spondylosis_22,Spondylosis,1,0,0,0,0,1,0,0,0,0,0,0,0,0,0,0,0,0,1,0,0,0,0,0,0,1,0,0,0,1,0,0,0,0,0,0,0,0,0,0.9,0.9854,1
Spondylosis_23,Spondylosis,1,0,0,0,0,1,0,0,0,0,0,0,0,0,0,0,0,0,1,0,0,0,0,0,0,1,0,0,0,1,0,0,0,0,0,0,0,0,0,0.9,0.9854,1
Spondylosis_24,Spondylosis,1,0,0,0,0,1,0,0,0,0,0,0,0,0,0,0,0,0,1,0,0,0,0,0,0,1,0,0,0,1,0,0,0,0,0,0,0,0,0,0.9,0.9854,1
Spondylosis_25,Spondylosis,1,0,0,0,0,1,0,0,0,0,0,0,0,0,0,0,0,0,1,0,0,0,0,0,0,1,0,0,0,1,0,0,0,0,0,0,0,0,0,0.9,0.9854,1
Spondylosis_26,Spondylosis,1,0,0,0,0,1,0,0,0,0,0,0,0,0,0,0,0,0,1,0,0,0,0,0,0,1,0,0,0,1,0,0,0,0,0,0,0,0,0,0.9,0.9854,1
Spondylosis_27,Spondylosis,1,0,0,0,0,1,0,0,0,0,0,0,0,0,0,0,0,0,1,0,0,0,0,0,0,1,0,0,0,1,0,0,0,0,0,0,0,0,0,0.9,0.9854,1
Spondylosis_28,Spondylosis,1,0,0,0,0,1,0,0,0,0,0,0,0,0,0,0,0,0,1,0,0,0,0,0,0,1,0,0,0,1,0,0,0,0,0,0,0,0,0,0.9,0.9854,1
Spondylosis_29,Spondylosis,1,0,0,0,0,1,0,0,0,0,0,0,0,0,0,0,0,0,1,0,0,0,0,0,0,1,0,0,0,0,0,0,0,0,0,0,0,0,0,0.72,0.9428,0.8
Spondylosis_30,Spondylosis,1,0,0,0,0,1,0,0,0,0,0,0,0,0,0,0,0,0,1,0,0,0,0,0,0,1,0,0,0,1,0,0,0,0,0,0,0,0,0,0.9,0.9854,1
Masticatory Muscle Myositis_1,Masticatory Muscle Myositis,0,0,0,0,1,0,0,0,0,0,0,0,0,0,0,0,1,0,0,0,0,0,0,1,0,0,1,0,1,0,0,0,0,0,0,1,0,0,0,0.54,0.9895,0.6
Masticatory Muscle Myositis_2,Masticatory Muscle Myositis,0,0,0,0,1,0,0,0,0,1,0,0,0,0,0,0,1,0,0,0,0,0,0,1,0,0,0,0,1,0,0,0,0,0,0,1,0,0,0,0.54,0.9887,0.6
Masticatory Muscle Myositis_3,Masticatory Muscle Myositis,0,0,0,0,1,0,0,0,0,0,0,0,0,0,0,0,1,0,0,0,0,0,0,1,1,0,0,0,1,0,0,0,0,0,0,1,0,0,0,0.54,0.9892,0.6
Masticatory Muscle Myositis_4,Masticatory Muscle Myositis,0,1,0,0,1,0,0,0,0,0,0,0,0,0,0,0,1,0,0,0,0,0,0,0,0,0,0,0,1,0,0,0,0,0,0,1,0,0,0,0.45,0.9957,0.5
Masticatory Muscle Myositis_5,Masticatory Muscle Myositis,0,0,0,0,1,0,0,0,0,0,0,0,0,0,0,0,1,0,0,0,0,0,0,1,1,0,0,0,1,0,0,0,0,0,0,1,0,0,0,0.54,0.9892,0.6
Masticatory Muscle Myositis_6,Masticatory Muscle Myositis,0,1,0,0,1,0,0,0,0,0,0,0,0,0,0,0,1,0,0,0,0,0,0,1,0,0,0,0,1,0,0,0,0,0,0,0,0,0,0,0.45,0.9456,0.5
Masticatory Muscle Myositis_7,Masticatory Muscle Myositis,0,0,0,0,1,0,0,0,0,1,0,0,0,0,0,0,1,0,0,0,0,0,0,1,0,0,0,0,1,0,0,0,0,0,0,1,0,0,0,0.54,0.9887,0.6
Masticatory Muscle Myositis_8,Masticatory Muscle Myositis,0,0,0,0,1,0,0,0,0,0,0,0,0,0,0,0,1,0,0,0,0,0,0,1,0,0,1,0,1,0,0,0,0,0,0,1,0,0,0,0.54,0.9895,0.6
Masticatory Muscle Myositis_9,Masticatory Muscle Myositis,0,0,0,0,1,0,0,0,0,1,0,0,0,0,0,0,1,0,0,0,0,0,0,1,1,0,0,0,1,0,0,0,0,0,0,1,0,0,0,0.63,0.9908,0.7
Masticatory Muscle Myositis_10,Masticatory Muscle Myositis,0,0,0,0,1,0,0,0,0,0,0,0,0,0,0,0,1,0,0,0,0,0,0,1,0,0,0,0,1,0,0,0,0,0,0,1,0,0,0,0.45,0.9868,0.5
Masticatory Muscle Myositis_11,Masticatory Muscle Myositis,0,0,0,0,1,0,0,0,0,0,0,0,0,0,0,0,1,0,0,0,0,0,0,1,0,0,0,0,1,0,0,0,0,0,0,1,0,0,0,0.45,0.9868,0.5
Masticatory Muscle Myositis_12,Masticatory Muscle Myositis,0,1,0,0,1,0,0,0,0,0,0,0,0,0,0,0,1,0,0,0,0,0,0,1,0,0,1,0,1,0,0,0,0,0,0,1,0,0,0,0.63,0.9995,0.7
Masticatory Muscle Myositis_13,Masticatory Muscle Myositis,0,0,0,0,1,0,0,0,0,0,0,0,0,0,0,0,1,0,0,0,0,0,0,1,1,0,0,0,1,0,0,0,0,0,0,1,0,0,0,0.54,0.9892,0.6
Masticatory Muscle Myositis_14,Masticatory Muscle Myositis,0,0,0,0,1,0,0,0,0,1,0,0,0,0,0,0,1,0,0,0,0,0,0,1,0,0,0,0,1,0,0,0,0,0,0,1,0,0,0,0.54,0.9887,0.6
Masticatory Muscle Myositis_15,Masticatory Muscle Myositis,0,0,0,0,1,0,0,0,0,0,0,0,0,0,0,0,1,0,0,0,0,0,0,1,0,0,1,0,1,0,0,0,0,0,0,1,0,0,0,0.54,0.9895,0.6
