Test Case ID,Illness,Abdominal Pain,Abnormal Breeding Behavior,Abscesses,Back Pain,Bad Breath,Bleeding,Bloating,Breathing Difficulty,Coughing,Decreased Appetite,Dehydration,Depression,Diarrhea,Difficulty Breathing,Difficulty Eating,Difficulty Walking,Draining Wounds,Enlarged Lymph Nodes,Enlarged Testicles,Eye Discharge,Facial Swelling,Fever,Increased Thirst,Increased Urination,Jaundice,Joint Pain,Lameness,Lethargy,Loss of Appetite,Muscle Pain,Nasal Discharge,Nosebleeds,Shivering,Swelling at Infection Site,Swollen Joints,Swollen Lymph Nodes,Vaginal Discharge,Vomiting,Weakness,Weight Loss,FC_Confidence,GB_Confidence,Symptom_Match_Ratio
Brucellosis_1,Brucellosis,0,1,0,1,0,0,0,0,0,0,0,0,0,0,0,1,0,0,1,0,0,0,0,0,0,0,0,1,1,0,0,0,0,0,0,1,1,0,1,0,0.9,0.9894,1.0
Brucellosis_2,Brucellosis,0,1,0,1,0,0,0,0,0,0,0,0,0,0,0,1,0,0,1,0,0,0,0,0,0,0,0,0,1,0,0,0,0,0,0,1,1,0,1,0,0.82,0.9874,0.888888889
Brucellosis_3,Brucellosis,0,1,0,1,0,0,0,0,0,0,0,0,0,0,0,0,0,0,1,0,0,0,0,0,0,0,0,1,1,0,0,0,0,0,0,1,1,0,1,0,0.81,0.9861,0.888888889
Brucellosis_4,Brucellosis,0,1,0,1,0,0,0,0,0,0,0,0,0,0,0,1,0,0,1,0,0,0,0,0,0,0,0,1,0,0,0,0,0,0,0,1,1,0,0,0,0.71,0.9875,0.777777778
Brucellosis_5,Brucellosis,0,1,0,1,0,0,0,0,0,0,0,0,0,0,0,1,0,0,1,0,0,0,0,0,0,0,0,1,1,0,0,0,0,0,0,1,1,0,1,0,0.9,0.9894,1.0
Brucellosis_6,Brucellosis,0,1,0,1,0,0,0,0,0,0,0,0,0,0,0,1,0,0,1,0,0,0,0,0,0,0,0,1,1,0,0,0,0,0,0,1,1,0,1,0,0.9,0.9894,1.0
Brucellosis_7,Brucellosis,0,1,0,1,0,0,0,0,0,0,0,0,0,0,0,1,0,0,1,0,0,0,0,0,0,0,0,1,0,0,0,0,0,0,0,1,1,0,1,0,0.81,0.9872,0.888888889
Brucellosis_8,Brucellosis,0,1,0,1,0,0,0,0,0,0,0,0,0,0,0,0,0,0,1,0,0,0,0,0,0,0,0,1,1,0,0,0,0,0,0,0,1,0,0,0,0.6,0.9343,0.666666667
Brucellosis_9,Brucellosis,0,1,0,1,0,0,0,0,0,0,0,0,0,0,0,1,0,0,1,0,0,0,0,0,0,0,0,1,1,0,0,0,0,0,0,1,1,0,0,0,0.8,0.9889,0.888888889
Brucellosis_10,Brucellosis,0,1,0,1,0,0,0,0,0,0,0,0,0,0,0,1,0,0,1,0,0,0,0,0,0,0,0,1,1,0,0,0,0,0,0,1,1,0,1,0,0.9,0.9894,1.0
Brucellosis_11,Brucellosis,0,1,0,1,0,0,0,0,0,0,0,0,0,0,0,1,0,0,1,0,0,0,0,0,0,0,0,1,1,0,0,0,0,0,0,1,1,0,0,0,0.8,0.9889,0.888888889
Brucellosis_12,Brucellosis,0,1,0,1,0,0,0,0,0,0,0,0,0,0,0,1,0,0,1,0,0,0,0,0,0,0,0,1,0,0,0,0,0,0,0,1,1,0,0,0,0.71,0.9875,0.777777778
Brucellosis_13,Brucellosis,0,1,0,1,0,0,0,0,0,0,0,0,0,0,0,1,0,0,1,0,0,0,0,0,0,0,0,1,1,0,0,0,0,0,0,1,1,0,0,0,0.8,0.9889,0.888888889
Brucellosis_14,Brucellosis,0,1,0,1,0,0,0,0,0,0,0,0,0,0,0,1,0,0,1,0,0,0,0,0,0,0,0,0,1,0,0,0,0,0,0,1,1,0,1,0,0.82,0.9874,0.888888889
Brucellosis_15,Brucellosis,0,1,0,1,0,0,0,0,0,0,0,0,0,0,0,0,0,0,1,0,0,0,0,0,0,0,0,1,0,0,0,0,0,0,0,1,1,0,1,0,0.72,0.9829,0.777777778
Brucellosis_16,Brucellosis,0,1,0,1,0,0,0,0,0,0,0,0,0,0,0,1,0,0,1,0,0,0,0,0,0,0,0,0,1,0,0,0,0,0,0,1,1,0,0,0,0.72,0.9877,0.777777778
Brucellosis_17,Brucellosis,0,1,0,1,0,0,0,0,0,0,0,0,0,0,0,1,0,0,1,0,0,0,0,0,0,0,0,1,0,0,0,0,0,0,0,1,1,0,1,0,0.81,0.9872,0.888888889
Brucellosis_18,Brucellosis,0,1,0,1,0,0,0,0,0,0,0,0,0,0,0,0,0,0,1,0,0,0,0,0,0,0,0,0,1,0,0,0,0,0,0,1,1,0,0,0,0.63,0.9858,0.666666667
Brucellosis_19,Brucellosis,0,1,0,1,0,0,0,0,0,0,0,0,0,0,0,1,0,0,1,0,0,0,0,0,0,0,0,1,1,0,0,0,0,0,0,1,1,0,0,0,0.8,0.9889,0.888888889
Brucellosis_20,Brucellosis,0,1,0,1,0,0,0,0,0,0,0,0,0,0,0,1,0,0,1,0,0,0,0,0,0,0,0,1,0,0,0,0,0,0,0,1,1,0,0,0,0.71,0.9875,0.777777778
Brucellosis_21,Brucellosis,0,1,0,1,0,0,0,0,0,0,0,0,0,0,0,1,0,0,1,0,0,0,0,0,0,0,0,0,1,0,0,0,0,0,0,1,1,0,0,0,0.72,0.9877,0.777777778
Brucellosis_22,Brucellosis,0,1,0,1,0,0,0,0,0,0,0,0,0,0,0,1,0,0,1,0,0,0,0,0,0,0,0,0,1,0,0,0,0,0,0,1,1,0,0,0,0.72,0.9877,0.777777778
Brucellosis_23,Brucellosis,0,1,0,1,0,0,0,0,0,0,0,0,0,0,0,1,0,0,1,0,0,0,0,0,0,0,0,1,0,0,0,0,0,0,0,1,1,0,1,0,0.81,0.9872,0.888888889
Brucellosis_24,Brucellosis,0,1,0,1,0,0,0,0,0,0,0,0,0,0,0,1,0,0,1,0,0,0,0,0,0,0,0,0,0,0,0,0,0,0,0,1,1,0,0,0,0.63,0.9851,0.666666667
Brucellosis_25,Brucellosis,0,1,0,1,0,0,0,0,0,0,0,0,0,0,0,1,0,0,1,0,0,0,0,0,0,0,0,0,1,0,0,0,0,0,0,1,1,0,0,0,0.72,0.9877,0.777777778
Brucellosis_26,Brucellosis,0,1,0,1,0,0,0,0,0,0,0,0,0,0,0,1,0,0,1,0,0,0,0,0,0,0,0,1,0,0,0,0,0,0,0,1,1,0,1,0,0.81,0.9872,0.888888889
Brucellosis_27,Brucellosis,0,1,0,1,0,0,0,0,0,0,0,0,0,0,0,1,0,0,1,0,0,0,0,0,0,0,0,1,1,0,0,0,0,0,0,1,1,0,1,0,0.9,0.9894,1.0
Brucellosis_28,Brucellosis,0,1,0,1,0,0,0,0,0,0,0,0,0,0,0,1,0,0,1,0,0,0,0,0,0,0,0,1,0,0,0,0,0,0,0,1,1,0,0,0,0.71,0.9875,0.777777778
Brucellosis_29,Brucellosis,0,1,0,1,0,0,0,0,0,0,0,0,0,0,0,1,0,0,1,0,0,0,0,0,0,0,0,0,0,0,0,0,0,0,0,1,1,0,1,0,0.73,0.9833,0.777777778
Brucellosis_30,Brucellosis,0,1,0,1,0,0,0,0,0,0,0,0,0,0,0,1,0,0,1,0,0,0,0,0,0,0,0,1,1,0,0,0,0,0,0,1,1,0,0,0,0.8,0.9889,0.888888889
Leptospirosis_1,Leptospirosis,1,0,0,0,0,0,0,0,1,0,1,0,1,1,0,0,0,0,0,0,0,1,1,1,1,0,0,1,1,1,0,0,0,0,0,0,0,1,1,0,0.86,0.9959,0.933333333
Leptospirosis_2,Leptospirosis,1,0,0,0,0,0,0,0,1,0,1,0,1,1,0,0,0,0,0,0,0,1,1,1,0,0,0,1,1,1,0,0,1,0,0,0,0,1,1,0,0.86,0.9943,0.933333333
Leptospirosis_3,Leptospirosis,1,0,0,0,0,0,0,0,1,0,0,0,1,1,0,0,0,0,0,0,0,1,0,1,1,0,0,1,1,1,0,0,1,0,0,0,0,1,1,0,0.81,0.991,0.866666667
Leptospirosis_4,Leptospirosis,1,0,0,0,0,0,0,0,1,0,1,0,1,1,0,0,0,0,0,0,0,1,1,0,0,0,0,1,1,0,0,0,0,0,0,0,0,1,1,0,0.73,0.9583,0.733333333
Leptospirosis_5,Leptospirosis,1,0,0,0,0,0,0,0,1,0,0,0,1,1,0,0,0,0,0,0,0,1,1,1,0,0,0,1,0,1,0,0,1,0,0,0,0,1,1,0,0.73,0.9881,0.8
Leptospirosis_6,Leptospirosis,0,0,0,0,0,0,0,0,1,0,1,0,1,1,0,0,0,0,0,0,0,1,1,1,1,0,0,1,1,1,0,0,1,0,0,0,0,1,1,0,0.86,0.9914,0.933333333
Leptospirosis_7,Leptospirosis,0,0,0,0,0,0,0,0,1,0,1,0,1,1,0,0,0,0,0,0,0,1,1,0,0,0,0,1,1,1,0,0,0,0,0,0,0,1,1,0,0.73,0.957,0.733333333
Leptospirosis_8,Leptospirosis,1,0,0,0,0,0,0,0,1,0,1,0,1,1,0,0,0,0,0,0,0,1,0,1,0,0,0,1,1,0,0,0,0,0,0,0,0,1,1,0,0.73,0.9624,0.733333333
Leptospirosis_9,Leptospirosis,1,0,0,0,0,0,0,0,1,0,0,0,1,1,0,0,0,0,0,0,0,1,1,1,1,0,0,1,1,1,0,0,0,0,0,0,0,1,0,0,0.77,0.9848,0.8
Leptospirosis_10,Leptospirosis,1,0,0,0,0,0,0,0,1,0,0,0,1,1,0,0,0,0,0,0,0,1,1,1,0,0,0,1,1,0,0,0,1,0,0,0,0,1,1,0,0.77,0.9888,0.8
Leptospirosis_11,Leptospirosis,1,0,0,0,0,0,0,0,1,0,1,0,1,1,0,0,0,0,0,0,0,1,1,0,0,0,0,1,1,1,0,0,1,0,0,0,0,1,0,0,0.77,0.9743,0.8
Leptospirosis_12,Leptospirosis,1,0,0,0,0,0,0,0,1,0,0,0,1,1,0,0,0,0,0,0,0,1,1,1,1,0,0,1,0,1,0,0,1,0,0,0,0,1,1,0,0.77,0.9943,0.866666667
Leptospirosis_13,Leptospirosis,1,0,0,0,0,0,0,0,1,0,1,0,1,1,0,0,0,0,0,0,0,1,0,1,1,0,0,1,1,0,0,0,1,0,0,0,0,1,0,0,0.77,0.9571,0.8
Leptospirosis_14,Leptospirosis,1,0,0,0,0,0,0,0,1,0,1,0,1,1,0,0,0,0,0,0,0,1,1,0,1,0,0,1,1,1,0,0,1,0,0,0,0,1,0,0,0.81,0.9838,0.866666667
Leptospirosis_15,Leptospirosis,1,0,0,0,0,0,0,0,1,0,1,0,1,1,0,0,0,0,0,0,0,1,0,1,1,0,0,1,1,1,0,0,1,0,0,0,0,1,1,0,0.86,0.9911,0.933333333
Leptospirosis_16,Leptospirosis,1,0,0,0,0,0,0,0,1,0,1,0,1,1,0,0,0,0,0,0,0,1,0,1,0,0,0,1,1,1,0,0,1,0,0,0,0,1,1,0,0.81,0.9914,0.866666667
Leptospirosis_17,Leptospirosis,1,0,0,0,0,0,0,0,0,0,1,0,1,1,0,0,0,0,0,0,0,1,1,1,0,0,0,1,1,0,0,0,1,0,0,0,0,1,0,0,0.69,0.9728,0.733333333
Leptospirosis_18,Leptospirosis,1,0,0,0,0,0,0,0,1,0,0,0,1,1,0,0,0,0,0,0,0,1,1,0,1,0,0,1,1,0,0,0,1,0,0,0,0,1,1,0,0.77,0.9856,0.8
Leptospirosis_19,Leptospirosis,1,0,0,0,0,0,0,0,1,0,0,0,1,1,0,0,0,0,0,0,0,1,1,0,1,0,0,1,1,1,0,0,1,0,0,0,0,1,1,0,0.81,0.993,0.866666667
Leptospirosis_20,Leptospirosis,1,0,0,0,0,0,0,0,1,0,1,0,1,1,0,0,0,0,0,0,0,1,1,1,0,0,0,1,1,1,0,0,0,0,0,0,0,1,1,0,0.81,0.9939,0.866666667
Leptospirosis_21,Leptospirosis,1,0,0,0,0,0,0,0,1,0,1,0,1,1,0,0,0,0,0,0,0,1,1,1,1,0,0,1,1,1,0,0,0,0,0,0,0,1,1,0,0.86,0.9959,0.933333333
Leptospirosis_22,Leptospirosis,1,0,0,0,0,0,0,0,1,0,0,0,1,1,0,0,0,0,0,0,0,1,0,1,1,0,0,1,1,1,0,0,1,0,0,0,0,1,1,0,0.81,0.991,0.866666667
Leptospirosis_23,Leptospirosis,1,0,0,0,0,0,0,0,1,0,1,0,1,1,0,0,0,0,0,0,0,1,1,1,1,0,0,0,1,1,0,0,1,0,0,0,0,1,1,0,0.86,0.9909,0.933333333
Leptospirosis_24,Leptospirosis,1,0,0,0,0,0,0,0,1,0,0,0,1,1,0,0,0,0,0,0,0,1,1,1,0,0,0,1,1,0,0,0,0,0,0,0,0,1,1,0,0.73,0.9786,0.733333333
Leptospirosis_25,Leptospirosis,1,0,0,0,0,0,0,0,1,0,1,0,1,1,0,0,0,0,0,0,0,1,1,0,1,0,0,1,1,1,0,0,1,0,0,0,0,1,0,0,0.81,0.9838,0.866666667
Leptospirosis_26,Leptospirosis,1,0,0,0,0,0,0,0,1,0,0,0,1,1,0,0,0,0,0,0,0,1,0,1,0,0,0,1,1,1,0,0,0,0,0,0,0,1,1,0,0.73,0.9853,0.733333333
Leptospirosis_27,Leptospirosis,1,0,0,0,0,0,0,0,1,0,1,0,1,1,0,0,0,0,0,0,0,1,1,1,1,0,0,1,0,1,0,0,0,0,0,0,0,1,1,0,0.77,0.9938,0.866666667
Leptospirosis_28,Leptospirosis,1,0,0,0,0,0,0,0,1,0,1,0,1,1,0,0,0,0,0,0,0,1,1,1,0,0,0,1,1,1,0,0,1,0,0,0,0,1,1,0,0.86,0.9943,0.933333333
Leptospirosis_29,Leptospirosis,0,0,0,0,0,0,0,0,1,0,0,0,1,1,0,0,0,0,0,0,0,1,1,0,1,0,0,1,1,1,0,0,0,0,0,0,0,1,1,0,0.73,0.9802,0.733333333
Leptospirosis_30,Leptospirosis,1,0,0,0,0,0,0,0,1,0,1,0,1,1,0,0,0,0,0,0,0,1,1,1,1,0,0,0,1,1,0,0,1,0,0,0,0,1,1,0,0.86,0.9909,0.933333333
Leptospirosis_31,Leptospirosis,1,0,0,0,0,0,0,0,1,0,0,0,1,1,0,0,0,0,0,0,0,1,1,1,0,0,0,1,0,1,0,0,0,0,0,0,0,1,1,0,0.69,0.9835,0.733333333
Leptospirosis_32,Leptospirosis,1,0,0,0,0,0,0,0,1,0,1,0,1,1,0,0,0,0,0,0,0,1,1,0,0,0,0,1,1,1,0,0,1,0,0,0,0,1,1,0,0.81,0.9916,0.866666667
Leptospirosis_33,Leptospirosis,1,0,0,0,0,0,0,0,0,0,1,0,1,1,0,0,0,0,0,0,0,1,1,1,0,0,0,1,1,0,0,0,0,0,0,0,0,1,1,0,0.69,0.982,0.733333333
Leptospirosis_34,Leptospirosis,1,0,0,0,0,0,0,0,1,0,0,0,1,1,0,0,0,0,0,0,0,1,0,0,1,0,0,1,1,1,0,0,0,0,0,0,0,1,1,0,0.73,0.9702,0.733333333
Leptospirosis_35,Leptospirosis,1,0,0,0,0,0,0,0,1,0,1,0,1,1,0,0,0,0,0,0,0,1,1,1,1,0,0,1,1,0,0,0,1,0,0,0,0,1,1,0,0.86,0.9946,0.933333333
Leptospirosis_36,Leptospirosis,1,0,0,0,0,0,0,0,1,0,1,0,1,1,0,0,0,0,0,0,0,1,0,0,0,0,0,1,1,1,0,0,1,0,0,0,0,1,1,0,0.77,0.9768,0.8
Leptospirosis_37,Leptospirosis,1,0,0,0,0,0,0,0,1,0,1,0,1,1,0,0,0,0,0,0,0,1,1,1,0,0,0,1,1,1,0,0,1,0,0,0,0,1,1,0,0.86,0.9943,0.933333333
Leptospirosis_38,Leptospirosis,1,0,0,0,0,0,0,0,1,0,1,0,1,1,0,0,0,0,0,0,0,1,1,1,1,0,0,1,1,0,0,0,1,0,0,0,0,1,1,0,0.86,0.9946,0.933333333
Leptospirosis_39,Leptospirosis,1,0,0,0,0,0,0,0,1,0,1,0,1,1,0,0,0,0,0,0,0,1,1,1,1,0,0,1,1,1,0,0,1,0,0,0,0,1,1,0,0.9,0.996,1.0
Leptospirosis_40,Leptospirosis,1,0,0,0,0,0,0,0,0,0,0,0,1,1,0,0,0,0,0,0,0,1,1,0,0,0,0,1,1,1,0,0,1,0,0,0,0,1,1,0,0.69,0.9653,0.733333333
Leptospirosis_41,Leptospirosis,1,0,0,0,0,0,0,0,1,0,0,0,1,1,0,0,0,0,0,0,0,1,0,0,1,0,0,1,1,1,0,0,1,0,0,0,0,1,1,0,0.77,0.9828,0.8
Leptospirosis_42,Leptospirosis,1,0,0,0,0,0,0,0,1,0,0,0,1,1,0,0,0,0,0,0,0,1,0,0,0,0,0,1,1,1,0,0,1,0,0,0,0,1,1,0,0.73,0.9626,0.733333333
Leptospirosis_43,Leptospirosis,1,0,0,0,0,0,0,0,1,0,0,0,1,1,0,0,0,0,0,0,0,1,1,0,1,0,0,1,1,1,0,0,1,0,0,0,0,1,0,0,0.77,0.9753,0.8
Leptospirosis_44,Leptospirosis,1,0,0,0,0,0,0,0,0,0,1,0,1,1,0,0,0,0,0,0,0,1,0,1,1,0,0,1,1,1,0,0,1,0,0,0,0,1,1,0,0.77,0.987,0.866666667
Leptospirosis_45,Leptospirosis,1,0,0,0,0,0,0,0,1,0,0,0,1,1,0,0,0,0,0,0,0,1,0,0,1,0,0,1,1,1,0,0,1,0,0,0,0,1,1,0,0.77,0.9828,0.8
Leptospirosis_46,Leptospirosis,1,0,0,0,0,0,0,0,1,0,1,0,1,1,0,0,0,0,0,0,0,1,1,1,0,0,0,1,1,1,0,0,0,0,0,0,0,1,0,0,0.77,0.9807,0.8
Leptospirosis_47,Leptospirosis,1,0,0,0,0,0,0,0,1,0,0,0,1,1,0,0,0,0,0,0,0,1,1,1,1,0,0,1,1,0,0,0,1,0,0,0,0,1,0,0,0.77,0.9761,0.8
Leptospirosis_48,Leptospirosis,1,0,0,0,0,0,0,0,1,0,1,0,1,1,0,0,0,0,0,0,0,1,0,1,1,0,0,1,1,1,0,0,1,0,0,0,0,1,1,0,0.86,0.9911,0.933333333
Leptospirosis_49,Leptospirosis,1,0,0,0,0,0,0,0,1,0,1,0,1,1,0,0,0,0,0,0,0,1,1,1,1,0,0,1,1,1,0,0,1,0,0,0,0,1,0,0,0.86,0.9909,0.933333333
Leptospirosis_50,Leptospirosis,1,0,0,0,0,0,0,0,1,0,1,0,1,1,0,0,0,0,0,0,0,1,1,1,1,0,0,1,1,1,0,0,0,0,0,0,0,1,0,0,0.81,0.9879,0.866666667
Lyme Disease_1,Lyme Disease,0,0,0,0,0,0,0,0,0,1,0,1,0,0,0,0,0,1,0,0,0,1,0,0,0,0,1,1,0,0,0,0,0,0,1,0,0,0,0,0,0.9,0.9868,1.0
Lyme Disease_2,Lyme Disease,0,0,0,0,0,0,0,0,0,1,0,0,0,0,0,0,0,1,0,0,0,1,0,0,0,0,1,1,0,0,0,0,0,0,1,0,0,0,0,0,0.79,0.9807,0.857142857
Lyme Disease_3,Lyme Disease,0,0,0,0,0,0,0,0,0,0,0,1,0,0,0,0,0,1,0,0,0,1,0,0,0,0,1,1,0,0,0,0,0,0,1,0,0,0,0,0,0.79,0.9811,0.857142857
Lyme Disease_4,Lyme Disease,0,0,0,0,0,0,0,0,0,1,0,1,0,0,0,0,0,1,0,0,0,1,0,0,0,0,1,1,0,0,0,0,0,0,1,0,0,0,0,0,0.9,0.9868,1.0
Lyme Disease_5,Lyme Disease,0,0,0,0,0,0,0,0,0,0,0,0,0,0,0,0,0,1,0,0,0,1,0,0,0,0,1,1,0,0,0,0,0,0,1,0,0,0,0,0,0.68,0.9683,0.714285714
Lyme Disease_6,Lyme Disease,0,0,0,0,0,0,0,0,0,1,0,1,0,0,0,0,0,1,0,0,0,1,0,0,0,0,1,1,0,0,0,0,0,0,1,0,0,0,0,0,0.9,0.9868,1.0
Lyme Disease_7,Lyme Disease,0,0,0,0,0,0,0,0,0,1,0,1,0,0,0,0,0,1,0,0,0,1,0,0,0,0,1,1,0,0,0,0,0,0,1,0,0,0,0,0,0.9,0.9868,1.0
Lyme Disease_8,Lyme Disease,0,0,0,0,0,0,0,0,0,1,0,1,0,0,0,0,0,1,0,0,0,1,0,0,0,0,1,1,0,0,0,0,0,0,1,0,0,0,0,0,0.9,0.9868,1.0
Lyme Disease_9,Lyme Disease,0,0,0,0,0,0,0,0,0,1,0,1,0,0,0,0,0,1,0,0,0,1,0,0,0,0,1,1,0,0,0,0,0,0,1,0,0,0,0,0,0.9,0.9868,1.0
Lyme Disease_10,Lyme Disease,0,0,0,0,0,0,0,0,0,1,0,1,0,0,0,0,0,1,0,0,0,1,0,0,0,0,1,1,0,0,0,0,0,0,1,0,0,0,0,0,0.9,0.9868,1.0
Lyme Disease_11,Lyme Disease,0,0,0,0,0,0,0,0,0,1,0,1,0,0,0,0,0,1,0,0,0,1,0,0,0,0,1,1,0,0,0,0,0,0,1,0,0,0,0,0,0.9,0.9868,1.0
Lyme Disease_12,Lyme Disease,0,0,0,0,0,0,0,0,0,1,0,1,0,0,0,0,0,1,0,0,0,1,0,0,0,0,1,1,0,0,0,0,0,0,1,0,0,0,0,0,0.9,0.9868,1.0
Lyme Disease_13,Lyme Disease,0,0,0,0,0,0,0,0,0,0,0,1,0,0,0,0,0,1,0,0,0,1,0,0,0,0,1,1,0,0,0,0,0,0,1,0,0,0,0,0,0.79,0.9811,0.857142857
Lyme Disease_14,Lyme Disease,0,0,0,0,0,0,0,0,0,0,0,1,0,0,0,0,0,0,0,0,0,1,0,0,0,0,1,1,0,0,0,0,0,0,1,0,0,0,0,0,0.68,0.9554,0.714285714
Lyme Disease_15,Lyme Disease,0,0,0,0,0,0,0,0,0,0,0,1,0,0,0,0,0,1,0,0,0,1,0,0,0,0,1,1,0,0,0,0,0,0,1,0,0,0,0,0,0.79,0.9811,0.857142857
Lyme Disease_16,Lyme Disease,0,0,0,0,0,0,0,0,0,1,0,1,0,0,0,0,0,1,0,0,0,1,0,0,0,0,1,1,0,0,0,0,0,0,1,0,0,0,0,0,0.9,0.9868,1.0
Lyme Disease_17,Lyme Disease,0,0,0,0,0,0,0,0,0,1,0,1,0,0,0,0,0,1,0,0,0,1,0,0,0,0,1,1,0,0,0,0,0,0,1,0,0,0,0,0,0.9,0.9868,1.0
Lyme Disease_18,Lyme Disease,0,0,0,0,0,0,0,0,0,0,0,1,0,0,0,0,0,1,0,0,0,1,0,0,0,0,1,1,0,0,0,0,0,0,1,0,0,0,0,0,0.79,0.9811,0.857142857
Lyme Disease_19,Lyme Disease,0,0,0,0,0,0,0,0,0,1,0,1,0,0,0,0,0,1,0,0,0,1,0,0,0,0,1,1,0,0,0,0,0,0,1,0,0,0,0,0,0.9,0.9868,1.0
Lyme Disease_20,Lyme Disease,0,0,0,0,0,0,0,0,0,1,0,1,0,0,0,0,0,1,0,0,0,1,0,0,0,0,1,1,0,0,0,0,0,0,1,0,0,0,0,0,0.9,0.9868,1.0
Lyme Disease_21,Lyme Disease,0,0,0,0,0,0,0,0,0,1,0,1,0,0,0,0,0,1,0,0,0,1,0,0,0,0,1,1,0,0,0,0,0,0,1,0,0,0,0,0,0.9,0.9868,1.0
Lyme Disease_22,Lyme Disease,0,0,0,0,0,0,0,0,0,1,0,0,0,0,0,0,0,1,0,0,0,1,0,0,0,0,1,1,0,0,0,0,0,0,1,0,0,0,0,0,0.79,0.9807,0.857142857
Lyme Disease_23,Lyme Disease,0,0,0,0,0,0,0,0,0,0,0,0,0,0,0,0,0,1,0,0,0,1,0,0,0,0,1,1,0,0,0,0,0,0,1,0,0,0,0,0,0.68,0.9683,0.714285714
Lyme Disease_24,Lyme Disease,0,0,0,0,0,0,0,0,0,1,0,1,0,0,0,0,0,1,0,0,0,1,0,0,0,0,1,1,0,0,0,0,0,0,1,0,0,0,0,0,0.9,0.9868,1.0
Lyme Disease_25,Lyme Disease,0,0,0,0,0,0,0,0,0,1,0,1,0,0,0,0,0,1,0,0,0,1,0,0,0,0,1,1,0,0,0,0,0,0,1,0,0,0,0,0,0.9,0.9868,1.0
Lyme Disease_26,Lyme Disease,0,0,0,0,0,0,0,0,0,0,0,1,0,0,0,0,0,1,0,0,0,1,0,0,0,0,1,0,0,0,0,0,0,0,1,0,0,0,0,0,0.68,0.9688,0.714285714
Lyme Disease_27,Lyme Disease,0,0,0,0,0,0,0,0,0,1,0,0,0,0,0,0,0,1,0,0,0,1,0,0,0,0,1,1,0,0,0,0,0,0,1,0,0,0,0,0,0.79,0.9807,0.857142857
Lyme Disease_28,Lyme Disease,0,0,0,0,0,0,0,0,0,1,0,0,0,0,0,0,0,1,0,0,0,1,0,0,0,0,1,1,0,0,0,0,0,0,1,0,0,0,0,0,0.79,0.9807,0.857142857
Lyme Disease_29,Lyme Disease,0,0,0,0,0,0,0,0,0,1,0,1,0,0,0,0,0,1,0,0,0,1,0,0,0,0,1,1,0,0,0,0,0,0,1,0,0,0,0,0,0.9,0.9868,1.0
Lyme Disease_30,Lyme Disease,0,0,0,0,0,0,0,0,0,1,0,1,0,0,0,0,0,1,0,0,0,1,0,0,0,0,1,1,0,0,0,0,0,0,1,0,0,0,0,0,0.9,0.9868,1.0
Lyme Disease_31,Lyme Disease,0,0,0,0,0,0,0,0,0,1,0,1,0,0,0,0,0,1,0,0,0,1,0,0,0,0,1,1,0,0,0,0,0,0,1,0,0,0,0,0,0.9,0.9868,1.0
Lyme Disease_32,Lyme Disease,0,0,0,0,0,0,0,0,0,0,0,0,0,0,0,0,0,1,0,0,0,1,0,0,0,0,1,1,0,0,0,0,0,0,1,0,0,0,0,0,0.68,0.9683,0.714285714
Lyme Disease_33,Lyme Disease,0,0,0,0,0,0,0,0,0,1,0,0,0,0,0,0,0,1,0,0,0,1,0,0,0,0,1,1,0,0,0,0,0,0,1,0,0,0,0,0,0.79,0.9807,0.857142857
Lyme Disease_34,Lyme Disease,0,0,0,0,0,0,0,0,0,0,0,1,0,0,0,0,0,1,0,0,0,1,0,0,0,0,1,1,0,0,0,0,0,0,1,0,0,0,0,0,0.79,0.9811,0.857142857
Lyme Disease_35,Lyme Disease,0,0,0,0,0,0,0,0,0,0,0,1,0,0,0,0,0,1,0,0,0,1,0,0,0,0,1,1,0,0,0,0,0,0,0,0,0,0,0,0,0.68,0.9168,0.714285714
Lyme Disease_36,Lyme Disease,0,0,0,0,0,0,0,0,0,0,0,1,0,0,0,0,0,1,0,0,0,1,0,0,0,0,1,1,0,0,0,0,0,0,0,0,0,0,0,0,0.68,0.9168,0.714285714
Lyme Disease_37,Lyme Disease,0,0,0,0,0,0,0,0,0,0,0,0,0,0,0,0,0,1,0,0,0,1,0,0,0,0,1,1,0,0,0,0,0,0,1,0,0,0,0,0,0.68,0.9683,0.714285714
Lyme Disease_38,Lyme Disease,0,0,0,0,0,0,0,0,0,1,0,1,0,0,0,0,0,1,0,0,0,1,0,0,0,0,1,1,0,0,0,0,0,0,1,0,0,0,0,0,0.9,0.9868,1.0
Lyme Disease_39,Lyme Disease,0,0,0,0,0,0,0,0,0,0,0,0,0,0,0,0,0,0,0,0,0,1,0,0,0,0,1,1,0,0,0,0,0,0,1,0,0,0,0,0,0.56,0.9111,0.571428571
Lyme Disease_40,Lyme Disease,0,0,0,0,0,0,0,0,0,1,0,1,0,0,0,0,0,1,0,0,0,1,0,0,0,0,1,1,0,0,0,0,0,0,1,0,0,0,0,0,0.9,0.9868,1.0
Lyme Disease_41,Lyme Disease,0,0,0,0,0,0,0,0,0,0,0,1,0,0,0,0,0,1,0,0,0,1,0,0,0,0,1,1,0,0,0,0,0,0,1,0,0,0,0,0,0.79,0.9811,0.857142857
Lyme Disease_42,Lyme Disease,0,0,0,0,0,0,0,0,0,0,0,0,0,0,0,0,0,1,0,0,0,1,0,0,0,0,1,1,0,0,0,0,0,0,1,0,0,0,0,0,0.68,0.9683,0.714285714
Lyme Disease_43,Lyme Disease,0,0,0,0,0,0,0,0,0,0,0,1,0,0,0,0,0,1,0,0,0,1,0,0,0,0,1,1,0,0,0,0,0,0,1,0,0,0,0,0,0.79,0.9811,0.857142857
Lyme Disease_44,Lyme Disease,0,0,0,0,0,0,0,0,0,1,0,1,0,0,0,0,0,1,0,0,0,1,0,0,0,0,1,1,0,0,0,0,0,0,1,0,0,0,0,0,0.9,0.9868,1.0
Lyme Disease_45,Lyme Disease,0,0,0,0,0,0,0,0,0,1,0,1,0,0,0,0,0,1,0,0,0,1,0,0,0,0,1,1,0,0,0,0,0,0,0,0,0,0,0,0,0.79,0.9436,0.857142857
Lyme Disease_46,Lyme Disease,0,0,0,0,0,0,0,0,0,1,0,1,0,0,0,0,0,1,0,0,0,1,0,0,0,0,1,1,0,0,0,0,0,0,1,0,0,0,0,0,0.9,0.9868,1.0
Lyme Disease_47,Lyme Disease,0,0,0,0,0,0,0,0,0,1,0,1,0,0,0,0,0,1,0,0,0,1,0,0,0,0,1,1,0,0,0,0,0,0,1,0,0,0,0,0,0.9,0.9868,1.0
Lyme Disease_48,Lyme Disease,0,0,0,0,0,0,0,0,0,1,0,1,0,0,0,0,0,1,0,0,0,1,0,0,0,0,1,1,0,0,0,0,0,0,1,0,0,0,0,0,0.9,0.9868,1.0
Lyme Disease_49,Lyme Disease,0,0,0,0,0,0,0,0,0,0,0,0,0,0,0,0,0,1,0,0,0,1,0,0,0,0,1,1,0,0,0,0,0,0,1,0,0,0,0,0,0.68,0.9683,0.714285714
Lyme Disease_50,Lyme Disease,0,0,0,0,0,0,0,0,0,1,0,0,0,0,0,0,0,1,0,0,0,1,0,0,0,0,1,0,0,0,0,0,0,0,1,0,0,0,0,0,0.68,0.9682,0.714285714
Ehrlichiosis_1,Ehrlichiosis,0,0,0,0,0,1,0,0,1,0,0,1,0,0,0,0,0,0,0,0,0,1,0,0,0,0,1,1,1,0,0,0,0,0,0,0,0,0,0,1,0.71,0.9709,0.727272727
Ehrlichiosis_2,Ehrlichiosis,0,0,0,0,0,0,0,1,1,0,0,0,0,0,0,0,0,1,0,0,0,1,0,0,0,0,1,1,1,0,0,1,0,0,0,0,0,0,0,0,0.71,0.9457,0.727272727
Ehrlichiosis_3,Ehrlichiosis,0,0,0,0,0,1,0,1,1,0,0,0,0,0,0,0,0,1,0,0,0,1,0,0,0,0,1,1,1,0,0,1,0,0,0,0,0,0,0,1,0.84,0.9883,0.909090909
Ehrlichiosis_4,Ehrlichiosis,0,0,0,0,0,0,0,1,1,0,0,1,0,0,0,0,0,0,0,0,0,1,0,0,0,0,1,1,1,0,0,1,0,0,0,0,0,0,0,1,0.77,0.983,0.818181818
Ehrlichiosis_5,Ehrlichiosis,0,0,0,0,0,1,0,1,1,0,0,0,0,0,0,0,0,0,0,0,0,1,0,0,0,0,1,1,1,0,0,1,0,0,0,0,0,0,0,0,0.71,0.9508,0.727272727
Ehrlichiosis_6,Ehrlichiosis,0,0,0,0,0,1,0,1,1,0,0,1,0,0,0,0,0,0,0,0,0,1,0,0,0,0,1,1,1,0,0,0,0,0,0,0,0,0,0,1,0.77,0.9859,0.818181818
Ehrlichiosis_7,Ehrlichiosis,0,0,0,0,0,1,0,0,1,0,0,1,0,0,0,0,0,0,0,0,0,1,0,0,0,0,1,1,1,0,0,0,0,0,0,0,0,0,0,0,0.64,0.9437,0.636363636
Ehrlichiosis_8,Ehrlichiosis,0,0,0,0,0,1,0,1,1,0,0,1,0,0,0,0,0,0,0,0,0,1,0,0,0,0,0,1,1,0,0,1,0,0,0,0,0,0,0,0,0.71,0.9796,0.727272727
Ehrlichiosis_9,Ehrlichiosis,0,0,0,0,0,0,0,1,1,0,0,1,0,0,0,0,0,0,0,0,0,1,0,0,0,0,1,1,1,0,0,1,0,0,0,0,0,0,0,1,0.77,0.983,0.818181818
Ehrlichiosis_10,Ehrlichiosis,0,0,0,0,0,1,0,1,1,0,0,1,0,0,0,0,0,1,0,0,0,1,0,0,0,0,1,1,1,0,0,1,0,0,0,0,0,0,0,1,0.9,0.9959,1.0
Ehrlichiosis_11,Ehrlichiosis,0,0,0,0,0,1,0,0,1,0,0,1,0,0,0,0,0,1,0,0,0,1,0,0,0,0,1,1,1,0,0,1,0,0,0,0,0,0,0,0,0.77,0.9926,0.818181818
Ehrlichiosis_12,Ehrlichiosis,0,0,0,0,0,0,0,0,1,0,0,1,0,0,0,0,0,1,0,0,0,1,0,0,0,0,1,1,1,0,0,1,0,0,0,0,0,0,0,0,0.71,0.9767,0.727272727
Ehrlichiosis_13,Ehrlichiosis,0,0,0,0,0,1,0,1,1,0,0,1,0,0,0,0,0,1,0,0,0,1,0,0,0,0,1,1,1,0,0,1,0,0,0,0,0,0,0,0,0.84,0.9942,0.909090909
Ehrlichiosis_14,Ehrlichiosis,0,0,0,0,0,0,0,0,1,0,0,0,0,0,0,0,0,1,0,0,0,1,0,0,0,0,1,0,1,0,0,1,0,0,0,0,0,0,0,1,0.64,0.952,0.636363636
Ehrlichiosis_15,Ehrlichiosis,0,0,0,0,0,1,0,1,1,0,0,0,0,0,0,0,0,0,0,0,0,1,0,0,0,0,1,1,1,0,0,1,0,0,0,0,0,0,0,1,0.77,0.9771,0.818181818
Ehrlichiosis_16,Ehrlichiosis,0,0,0,0,0,1,0,0,1,0,0,0,0,0,0,0,0,1,0,0,0,1,0,0,0,0,1,1,1,0,0,1,0,0,0,0,0,0,0,1,0.77,0.9784,0.818181818
Ehrlichiosis_17,Ehrlichiosis,0,0,0,0,0,0,0,0,1,0,0,1,0,0,0,0,0,1,0,0,0,1,0,0,0,0,1,1,1,0,0,1,0,0,0,0,0,0,0,1,0.77,0.988,0.818181818
Ehrlichiosis_18,Ehrlichiosis,0,0,0,0,0,1,0,0,1,0,0,0,0,0,0,0,0,1,0,0,0,1,0,0,0,0,1,1,1,0,0,1,0,0,0,0,0,0,0,1,0.77,0.9784,0.818181818
Ehrlichiosis_19,Ehrlichiosis,0,0,0,0,0,0,0,0,1,0,0,1,0,0,0,0,0,1,0,0,0,1,0,0,0,0,1,1,1,0,0,1,0,0,0,0,0,0,0,0,0.71,0.9767,0.727272727
Ehrlichiosis_20,Ehrlichiosis,0,0,0,0,0,1,0,0,1,0,0,0,0,0,0,0,0,1,0,0,0,1,0,0,0,0,1,1,1,0,0,1,0,0,0,0,0,0,0,1,0.77,0.9784,0.818181818
Ehrlichiosis_21,Ehrlichiosis,0,0,0,0,0,0,0,1,0,0,0,1,0,0,0,0,0,0,0,0,0,1,0,0,0,0,1,1,1,0,0,1,0,0,0,0,0,0,0,0,0.58,0.8361,0.636363636
Ehrlichiosis_22,Ehrlichiosis,0,0,0,0,0,1,0,0,1,0,0,1,0,0,0,0,0,1,0,0,0,1,0,0,0,0,0,1,1,0,0,1,0,0,0,0,0,0,0,1,0.77,0.9886,0.818181818
Ehrlichiosis_23,Ehrlichiosis,0,0,0,0,0,1,0,1,1,0,0,0,0,0,0,0,0,1,0,0,0,1,0,0,0,0,1,1,1,0,0,1,0,0,0,0,0,0,0,1,0.84,0.9883,0.909090909
Ehrlichiosis_24,Ehrlichiosis,0,0,0,0,0,0,0,1,1,0,0,1,0,0,0,0,0,1,0,0,0,1,0,0,0,0,1,1,1,0,0,1,0,0,0,0,0,0,0,0,0.77,0.9863,0.818181818
Ehrlichiosis_25,Ehrlichiosis,0,0,0,0,0,1,0,1,1,0,0,1,0,0,0,0,0,0,0,0,0,1,0,0,0,0,1,0,1,0,0,1,0,0,0,0,0,0,0,1,0.77,0.9869,0.818181818
Ehrlichiosis_26,Ehrlichiosis,0,0,0,0,0,0,0,1,1,0,0,0,0,0,0,0,0,1,0,0,0,1,0,0,0,0,1,1,1,0,0,0,0,0,0,0,0,0,0,1,0.71,0.8704,0.727272727
Ehrlichiosis_27,Ehrlichiosis,0,0,0,0,0,1,0,1,1,0,0,0,0,0,0,0,0,0,0,0,0,1,0,0,0,0,0,1,1,0,0,0,0,0,0,0,0,0,0,1,0.64,0.8624,0.636363636
Ehrlichiosis_28,Ehrlichiosis,0,0,0,0,0,0,0,0,1,0,0,1,0,0,0,0,0,1,0,0,0,1,0,0,0,0,1,1,1,0,0,1,0,0,0,0,0,0,0,1,0.77,0.988,0.818181818
Ehrlichiosis_29,Ehrlichiosis,0,0,0,0,0,1,0,1,1,0,0,0,0,0,0,0,0,1,0,0,0,1,0,0,0,0,1,1,1,0,0,0,0,0,0,0,0,0,0,0,0.71,0.9393,0.727272727
Ehrlichiosis_30,Ehrlichiosis,0,0,0,0,0,1,0,1,1,0,0,0,0,0,0,0,0,1,0,0,0,1,0,0,0,0,0,1,1,0,0,1,0,0,0,0,0,0,0,1,0.77,0.9819,0.818181818
Rocky Mountain Spotted Fever_1,Rocky Mountain Spotted Fever,1,0,0,0,0,0,0,0,1,0,0,1,1,0,0,0,0,1,0,0,0,1,0,0,0,1,1,1,0,0,0,1,0,0,0,0,0,1,0,0,0.79,0.9829,0.846153846
Rocky Mountain Spotted Fever_2,Rocky Mountain Spotted Fever,1,0,0,0,0,0,0,0,1,0,0,1,1,0,0,0,0,0,0,1,0,1,0,0,0,1,0,1,0,0,0,1,0,0,0,0,0,1,0,0,0.74,0.9887,0.769230769
Rocky Mountain Spotted Fever_3,Rocky Mountain Spotted Fever,1,0,0,0,0,1,0,0,1,0,0,1,1,0,0,0,0,0,0,1,0,1,0,0,0,1,0,1,0,0,0,1,0,0,0,0,0,1,0,0,0.79,0.9911,0.846153846
Rocky Mountain Spotted Fever_4,Rocky Mountain Spotted Fever,1,0,0,0,0,1,0,0,0,0,0,1,1,0,0,0,0,0,0,1,0,1,0,0,0,1,0,1,0,0,0,1,0,0,0,0,0,1,0,0,0.69,0.9872,0.769230769
Rocky Mountain Spotted Fever_5,Rocky Mountain Spotted Fever,1,0,0,0,0,1,0,0,1,0,0,0,1,0,0,0,0,0,0,1,0,1,0,0,0,1,1,1,0,0,0,1,0,0,0,0,0,1,0,0,0.79,0.9909,0.846153846
Rocky Mountain Spotted Fever_6,Rocky Mountain Spotted Fever,1,0,0,0,0,0,0,0,1,0,0,0,1,0,0,0,0,1,0,1,0,1,0,0,0,1,1,1,0,0,0,1,0,0,0,0,0,1,0,0,0.79,0.9907,0.846153846
Rocky Mountain Spotted Fever_7,Rocky Mountain Spotted Fever,1,0,0,0,0,1,0,0,0,0,0,1,1,0,0,0,0,1,0,1,0,1,0,0,0,1,0,1,0,0,0,1,0,0,0,0,0,1,0,0,0.74,0.9898,0.846153846
Rocky Mountain Spotted Fever_8,Rocky Mountain Spotted Fever,0,0,0,0,0,1,0,0,1,0,0,0,1,0,0,0,0,1,0,1,0,1,0,0,0,1,0,1,0,0,0,0,0,0,0,0,0,1,0,0,0.69,0.9237,0.692307692
Rocky Mountain Spotted Fever_9,Rocky Mountain Spotted Fever,1,0,0,0,0,1,0,0,1,0,0,0,1,0,0,0,0,1,0,1,0,1,0,0,0,1,1,1,0,0,0,1,0,0,0,0,0,1,0,0,0.85,0.9932,0.923076923
Rocky Mountain Spotted Fever_10,Rocky Mountain Spotted Fever,1,0,0,0,0,0,0,0,1,0,0,1,1,0,0,0,0,0,0,1,0,1,0,0,0,1,0,1,0,0,0,1,0,0,0,0,0,1,0,0,0.74,0.9887,0.769230769
Rocky Mountain Spotted Fever_11,Rocky Mountain Spotted Fever,1,0,0,0,0,1,0,0,1,0,0,1,1,0,0,0,0,1,0,1,0,1,0,0,0,1,1,1,0,0,0,0,0,0,0,0,0,1,0,0,0.85,0.9893,0.923076923
Rocky Mountain Spotted Fever_12,Rocky Mountain Spotted Fever,1,0,0,0,0,1,0,0,0,0,0,1,1,0,0,0,0,1,0,1,0,1,0,0,0,1,0,1,0,0,0,1,0,0,0,0,0,1,0,0,0.74,0.9898,0.846153846
Rocky Mountain Spotted Fever_13,Rocky Mountain Spotted Fever,1,0,0,0,0,1,0,0,1,0,0,1,1,0,0,0,0,1,0,1,0,1,0,0,0,1,0,1,0,0,0,0,0,0,0,0,0,1,0,0,0.79,0.9852,0.846153846
Rocky Mountain Spotted Fever_14,Rocky Mountain Spotted Fever,1,0,0,0,0,1,0,0,1,0,0,1,1,0,0,0,0,0,0,1,0,1,0,0,0,0,0,1,0,0,0,1,0,0,0,0,0,1,0,0,0.74,0.9835,0.769230769
Rocky Mountain Spotted Fever_15,Rocky Mountain Spotted Fever,1,0,0,0,0,0,0,0,1,0,0,1,1,0,0,0,0,0,0,1,0,1,0,0,0,1,1,1,0,0,0,0,0,0,0,0,0,1,0,0,0.74,0.3439,0.769230769
Clostridial Infections_1,Clostridial Infections,1,0,0,0,0,0,1,0,0,0,0,0,1,0,0,0,0,0,0,0,0,0,0,0,0,0,0,1,1,0,0,0,0,0,0,0,0,1,0,0,0.81,0.931,0.857142857
Clostridial Infections_2,Clostridial Infections,0,0,0,0,0,0,1,0,0,0,0,0,1,0,0,0,0,0,0,0,0,0,0,0,0,0,0,1,1,0,0,0,0,0,0,0,0,1,0,0,0.72,0.8142,0.714285714
Clostridial Infections_3,Clostridial Infections,1,0,0,0,0,0,0,0,0,0,0,0,1,0,0,0,0,0,0,0,0,0,0,0,0,0,0,1,1,0,0,0,0,0,0,0,0,1,1,0,0.81,0.8925,0.857142857
Clostridial Infections_4,Clostridial Infections,0,0,0,0,0,0,1,0,0,0,0,0,1,0,0,0,0,0,0,0,0,0,0,0,0,0,0,1,1,0,0,0,0,0,0,0,0,1,0,0,0.72,0.8142,0.714285714
Clostridial Infections_5,Clostridial Infections,0,0,0,0,0,0,1,0,0,0,0,0,1,0,0,0,0,0,0,0,0,0,0,0,0,0,0,1,1,0,0,0,0,0,0,0,0,1,0,0,0.72,0.8142,0.714285714
Clostridial Infections_6,Clostridial Infections,1,0,0,0,0,0,0,0,0,0,0,0,1,0,0,0,0,0,0,0,0,0,0,0,0,0,0,1,1,0,0,0,0,0,0,0,0,1,1,0,0.81,0.8925,0.857142857
Clostridial Infections_7,Clostridial Infections,0,0,0,0,0,0,1,0,0,0,0,0,1,0,0,0,0,0,0,0,0,0,0,0,0,0,0,1,1,0,0,0,0,0,0,0,0,1,1,0,0.81,0.9446,0.857142857
Clostridial Infections_8,Clostridial Infections,1,0,0,0,0,0,1,0,0,0,0,0,1,0,0,0,0,0,0,0,0,0,0,0,0,0,0,0,1,0,0,0,0,0,0,0,0,1,1,0,0.81,0.9713,0.857142857
Clostridial Infections_9,Clostridial Infections,1,0,0,0,0,0,0,0,0,0,0,0,1,0,0,0,0,0,0,0,0,0,0,0,0,0,0,1,1,0,0,0,0,0,0,0,0,1,0,0,0.72,0.3782,0.714285714
Clostridial Infections_10,Clostridial Infections,1,0,0,0,0,0,1,0,0,0,0,0,1,0,0,0,0,0,0,0,0,0,0,0,0,0,0,1,1,0,0,0,0,0,0,0,0,1,1,0,0.9,0.9776,1.0
Clostridial Infections_11,Clostridial Infections,0,0,0,0,0,0,1,0,0,0,0,0,1,0,0,0,0,0,0,0,0,0,0,0,0,0,0,1,1,0,0,0,0,0,0,0,0,1,1,0,0.81,0.9446,0.857142857
Clostridial Infections_12,Clostridial Infections,1,0,0,0,0,0,1,0,0,0,0,0,1,0,0,0,0,0,0,0,0,0,0,0,0,0,0,1,1,0,0,0,0,0,0,0,0,1,1,0,0.9,0.9776,1.0
Clostridial Infections_13,Clostridial Infections,0,0,0,0,0,0,1,0,0,0,0,0,1,0,0,0,0,0,0,0,0,0,0,0,0,0,0,1,1,0,0,0,0,0,0,0,0,1,1,0,0.81,0.9446,0.857142857
Clostridial Infections_14,Clostridial Infections,1,0,0,0,0,0,1,0,0,0,0,0,1,0,0,0,0,0,0,0,0,0,0,0,0,0,0,1,1,0,0,0,0,0,0,0,0,1,1,0,0.9,0.9776,1.0
Clostridial Infections_15,Clostridial Infections,1,0,0,0,0,0,1,0,0,0,0,0,1,0,0,0,0,0,0,0,0,0,0,0,0,0,0,1,0,0,0,0,0,0,0,0,0,1,1,0,0.72,0.8926,0.857142857
Clostridial Infections_16,Clostridial Infections,1,0,0,0,0,0,1,0,0,0,0,0,1,0,0,0,0,0,0,0,0,0,0,0,0,0,0,1,1,0,0,0,0,0,0,0,0,1,1,0,0.9,0.9776,1.0
Clostridial Infections_17,Clostridial Infections,1,0,0,0,0,0,1,0,0,0,0,0,1,0,0,0,0,0,0,0,0,0,0,0,0,0,0,1,1,0,0,0,0,0,0,0,0,1,0,0,0.81,0.931,0.857142857
Clostridial Infections_18,Clostridial Infections,1,0,0,0,0,0,1,0,0,0,0,0,1,0,0,0,0,0,0,0,0,0,0,0,0,0,0,1,1,0,0,0,0,0,0,0,0,1,1,0,0.9,0.9776,1.0
Clostridial Infections_19,Clostridial Infections,1,0,0,0,0,0,1,0,0,0,0,0,1,0,0,0,0,0,0,0,0,0,0,0,0,0,0,1,1,0,0,0,0,0,0,0,0,1,0,0,0.81,0.931,0.857142857
Clostridial Infections_20,Clostridial Infections,1,0,0,0,0,0,1,0,0,0,0,0,1,0,0,0,0,0,0,0,0,0,0,0,0,0,0,1,0,0,0,0,0,0,0,0,0,1,0,0,0.63,0.7463,0.714285714
Clostridial Infections_21,Clostridial Infections,1,0,0,0,0,0,1,0,0,0,0,0,1,0,0,0,0,0,0,0,0,0,0,0,0,0,0,1,1,0,0,0,0,0,0,0,0,1,1,0,0.9,0.9776,1.0
Clostridial Infections_22,Clostridial Infections,1,0,0,0,0,0,0,0,0,0,0,0,1,0,0,0,0,0,0,0,0,0,0,0,0,0,0,1,1,0,0,0,0,0,0,0,0,1,1,0,0.81,0.8925,0.857142857
Clostridial Infections_23,Clostridial Infections,0,0,0,0,0,0,1,0,0,0,0,0,1,0,0,0,0,0,0,0,0,0,0,0,0,0,0,1,1,0,0,0,0,0,0,0,0,1,1,0,0.81,0.9446,0.857142857
Clostridial Infections_24,Clostridial Infections,1,0,0,0,0,0,0,0,0,0,0,0,1,0,0,0,0,0,0,0,0,0,0,0,0,0,0,1,1,0,0,0,0,0,0,0,0,1,0,0,0.72,0.3782,0.714285714
Clostridial Infections_25,Clostridial Infections,0,0,0,0,0,0,0,0,0,0,0,0,1,0,0,0,0,0,0,0,0,0,0,0,0,0,0,0,1,0,0,0,0,0,0,0,0,1,1,0,0.63,0.5336,0.571428571
Clostridial Infections_26,Clostridial Infections,1,0,0,0,0,0,0,0,0,0,0,0,1,0,0,0,0,0,0,0,0,0,0,0,0,0,0,1,1,0,0,0,0,0,0,0,0,1,1,0,0.81,0.8925,0.857142857
Clostridial Infections_27,Clostridial Infections,1,0,0,0,0,0,1,0,0,0,0,0,1,0,0,0,0,0,0,0,0,0,0,0,0,0,0,1,1,0,0,0,0,0,0,0,0,1,0,0,0.81,0.931,0.857142857
Clostridial Infections_28,Clostridial Infections,1,0,0,0,0,0,1,0,0,0,0,0,1,0,0,0,0,0,0,0,0,0,0,0,0,0,0,1,1,0,0,0,0,0,0,0,0,1,1,0,0.9,0.9776,1.0
Clostridial Infections_29,Clostridial Infections,1,0,0,0,0,0,0,0,0,0,0,0,1,0,0,0,0,0,0,0,0,0,0,0,0,0,0,1,1,0,0,0,0,0,0,0,0,1,1,0,0.81,0.8925,0.857142857
Clostridial Infections_30,Clostridial Infections,1,0,0,0,0,0,1,0,0,0,0,0,1,0,0,0,0,0,0,0,0,0,0,0,0,0,0,1,1,0,0,0,0,0,0,0,0,1,1,0,0.9,0.9776,1.0
Anaerobic Bacterial Infections_1,Anaerobic Bacterial Infections,0,0,1,0,1,0,0,0,0,0,0,0,0,0,0,0,0,0,0,0,0,1,0,0,0,0,0,1,1,0,0,0,0,1,0,0,0,0,0,0,0.8,0.9857,0.857142857
Anaerobic Bacterial Infections_2,Anaerobic Bacterial Infections,0,0,1,0,0,0,0,0,0,0,0,0,0,0,0,0,0,0,0,0,0,1,0,0,0,0,0,1,1,0,0,0,0,0,0,0,0,0,0,0,0.6,0.7297,0.571428571
Anaerobic Bacterial Infections_3,Anaerobic Bacterial Infections,0,0,0,0,1,0,0,0,0,0,0,0,0,0,0,0,0,0,0,0,0,1,0,0,0,0,0,1,1,0,0,0,0,0,0,0,0,0,0,0,0.6,0.7664,0.571428571
Anaerobic Bacterial Infections_4,Anaerobic Bacterial Infections,0,0,0,0,1,0,0,0,0,0,0,0,0,0,1,0,0,0,0,0,0,1,0,0,0,0,0,1,1,0,0,0,0,1,0,0,0,0,0,0,0.8,0.9972,0.857142857
Anaerobic Bacterial Infections_5,Anaerobic Bacterial Infections,0,0,1,0,1,0,0,0,0,0,0,0,0,0,1,0,0,0,0,0,0,1,0,0,0,0,0,1,1,0,0,0,0,0,0,0,0,0,0,0,0.8,0.9765,0.857142857
Anaerobic Bacterial Infections_6,Anaerobic Bacterial Infections,0,0,0,0,0,0,0,0,0,0,0,0,0,0,1,0,0,0,0,0,0,1,0,0,0,0,0,1,1,0,0,0,0,0,0,0,0,0,0,0,0.6,0.7767,0.571428571
Anaerobic Bacterial Infections_7,Anaerobic Bacterial Infections,0,0,1,0,1,0,0,0,0,0,0,0,0,0,1,0,0,0,0,0,0,1,0,0,0,0,0,1,1,0,0,0,0,1,0,0,0,0,0,0,0.9,0.9968,1.0
Anaerobic Bacterial Infections_8,Anaerobic Bacterial Infections,0,0,1,0,1,0,0,0,0,0,0,0,0,0,0,0,0,0,0,0,0,1,0,0,0,0,0,1,1,0,0,0,0,1,0,0,0,0,0,0,0.8,0.9857,0.857142857
Anaerobic Bacterial Infections_9,Anaerobic Bacterial Infections,0,0,1,0,1,0,0,0,0,0,0,0,0,0,1,0,0,0,0,0,0,1,0,0,0,0,0,1,1,0,0,0,0,0,0,0,0,0,0,0,0.8,0.9765,0.857142857
Anaerobic Bacterial Infections_10,Anaerobic Bacterial Infections,0,0,1,0,1,0,0,0,0,0,0,0,0,0,1,0,0,0,0,0,0,1,0,0,0,0,0,1,1,0,0,0,0,1,0,0,0,0,0,0,0.9,0.9968,1.0
Anaerobic Bacterial Infections_11,Anaerobic Bacterial Infections,0,0,1,0,1,0,0,0,0,0,0,0,0,0,0,0,0,0,0,0,0,1,0,0,0,0,0,1,1,0,0,0,0,1,0,0,0,0,0,0,0.8,0.9857,0.857142857
Anaerobic Bacterial Infections_12,Anaerobic Bacterial Infections,0,0,1,0,0,0,0,0,0,0,0,0,0,0,1,0,0,0,0,0,0,1,0,0,0,0,0,1,1,0,0,0,0,1,0,0,0,0,0,0,0.8,0.9882,0.857142857
Anaerobic Bacterial Infections_13,Anaerobic Bacterial Infections,0,0,0,0,1,0,0,0,0,0,0,0,0,0,0,0,0,0,0,0,0,1,0,0,0,0,0,0,1,0,0,0,0,1,0,0,0,0,0,0,0.6,0.9367,0.571428571
Anaerobic Bacterial Infections_14,Anaerobic Bacterial Infections,0,0,1,0,0,0,0,0,0,0,0,0,0,0,1,0,0,0,0,0,0,1,0,0,0,0,0,1,1,0,0,0,0,1,0,0,0,0,0,0,0.8,0.9882,0.857142857
Anaerobic Bacterial Infections_15,Anaerobic Bacterial Infections,0,0,1,0,1,0,0,0,0,0,0,0,0,0,1,0,0,0,0,0,0,1,0,0,0,0,0,1,1,0,0,0,0,1,0,0,0,0,0,0,0.9,0.9968,1.0
Actinomycosis (Bacterial Infection)_1,Actinomycosis (Bacterial Infection),0,0,1,0,0,0,0,0,0,0,0,0,0,0,0,0,1,0,0,0,1,1,0,0,0,0,0,1,1,0,0,0,0,0,0,0,0,0,0,0,0.72,0.9803,0.75
Actinomycosis (Bacterial Infection)_2,Actinomycosis (Bacterial Infection),0,0,1,0,0,0,0,0,0,0,0,0,0,0,1,0,0,0,0,0,1,1,0,0,0,0,0,1,1,0,0,0,0,0,0,0,0,0,0,0,0.72,0.9388,0.75
Actinomycosis (Bacterial Infection)_3,Actinomycosis (Bacterial Infection),0,0,1,0,0,0,0,0,0,0,0,0,0,0,1,0,1,0,0,0,1,1,0,0,0,0,0,1,0,0,0,0,0,0,0,1,0,0,0,0,0.72,0.977,0.875
Actinomycosis (Bacterial Infection)_4,Actinomycosis (Bacterial Infection),0,0,1,0,0,0,0,0,0,0,0,0,0,0,1,0,1,0,0,0,1,1,0,0,0,0,0,1,1,0,0,0,0,0,0,0,0,0,0,0,0.81,0.9893,0.875
Actinomycosis (Bacterial Infection)_5,Actinomycosis (Bacterial Infection),0,0,1,0,0,0,0,0,0,0,0,0,0,0,0,0,1,0,0,0,1,1,0,0,0,0,0,1,1,0,0,0,0,0,0,0,0,0,0,0,0.72,0.9803,0.75
Actinomycosis (Bacterial Infection)_6,Actinomycosis (Bacterial Infection),0,0,1,0,0,0,0,0,0,0,0,0,0,0,1,0,0,0,0,0,1,1,0,0,0,0,0,1,1,0,0,0,0,0,0,1,0,0,0,0,0.81,0.9806,0.875
Actinomycosis (Bacterial Infection)_7,Actinomycosis (Bacterial Infection),0,0,1,0,0,0,0,0,0,0,0,0,0,0,1,0,1,0,0,0,0,1,0,0,0,0,0,1,0,0,0,0,0,0,0,1,0,0,0,0,0.63,0.8667,0.75
Actinomycosis (Bacterial Infection)_8,Actinomycosis (Bacterial Infection),0,0,1,0,0,0,0,0,0,0,0,0,0,0,1,0,1,0,0,0,1,1,0,0,0,0,0,1,1,0,0,0,0,0,0,0,0,0,0,0,0.81,0.9893,0.875
Actinomycosis (Bacterial Infection)_9,Actinomycosis (Bacterial Infection),0,0,1,0,0,0,0,0,0,0,0,0,0,0,0,0,1,0,0,0,1,1,0,0,0,0,0,1,1,0,0,0,0,0,0,1,0,0,0,0,0.81,0.9852,0.875
Actinomycosis (Bacterial Infection)_10,Actinomycosis (Bacterial Infection),0,0,1,0,0,0,0,0,0,0,0,0,0,0,0,0,1,0,0,0,1,1,0,0,0,0,0,1,1,0,0,0,0,0,0,0,0,0,0,0,0.72,0.9803,0.75
Actinomycosis (Bacterial Infection)_11,Actinomycosis (Bacterial Infection),0,0,1,0,0,0,0,0,0,0,0,0,0,0,1,0,1,0,0,0,0,1,0,0,0,0,0,1,1,0,0,0,0,0,0,1,0,0,0,0,0.81,0.9679,0.875
Actinomycosis (Bacterial Infection)_12,Actinomycosis (Bacterial Infection),0,0,1,0,0,0,0,0,0,0,0,0,0,0,1,0,1,0,0,0,0,1,0,0,0,0,0,1,1,0,0,0,0,0,0,1,0,0,0,0,0.81,0.9679,0.875
Actinomycosis (Bacterial Infection)_13,Actinomycosis (Bacterial Infection),0,0,0,0,0,0,0,0,0,0,0,0,0,0,1,0,1,0,0,0,1,1,0,0,0,0,0,1,1,0,0,0,0,0,0,1,0,0,0,0,0.81,0.9819,0.875
Actinomycosis (Bacterial Infection)_14,Actinomycosis (Bacterial Infection),0,0,0,0,0,0,0,0,0,0,0,0,0,0,0,0,1,0,0,0,1,1,0,0,0,0,0,1,1,0,0,0,0,0,0,1,0,0,0,0,0.72,0.9562,0.75
Actinomycosis (Bacterial Infection)_15,Actinomycosis (Bacterial Infection),0,0,0,0,0,0,0,0,0,0,0,0,0,0,1,0,1,0,0,0,1,1,0,0,0,0,0,1,1,0,0,0,0,0,0,0,0,0,0,0,0.72,0.8574,0.75
Actinomycosis (Bacterial Infection)_16,Actinomycosis (Bacterial Infection),0,0,1,0,0,0,0,0,0,0,0,0,0,0,1,0,1,0,0,0,1,1,0,0,0,0,0,0,1,0,0,0,0,0,0,1,0,0,0,0,0.81,0.9898,0.875
Actinomycosis (Bacterial Infection)_17,Actinomycosis (Bacterial Infection),0,0,0,0,0,0,0,0,0,0,0,0,0,0,0,0,1,0,0,0,0,1,0,0,0,0,0,1,1,0,0,0,0,0,0,1,0,0,0,0,0.63,0.9551,0.625
Actinomycosis (Bacterial Infection)_18,Actinomycosis (Bacterial Infection),0,0,0,0,0,0,0,0,0,0,0,0,0,0,0,0,1,0,0,0,0,1,0,0,0,0,0,1,1,0,0,0,0,0,0,1,0,0,0,0,0.63,0.9551,0.625
Actinomycosis (Bacterial Infection)_19,Actinomycosis (Bacterial Infection),0,0,0,0,0,0,0,0,0,0,0,0,0,0,1,0,1,0,0,0,1,1,0,0,0,0,0,1,1,0,0,0,0,0,0,1,0,0,0,0,0.81,0.9819,0.875
Actinomycosis (Bacterial Infection)_20,Actinomycosis (Bacterial Infection),0,0,1,0,0,0,0,0,0,0,0,0,0,0,1,0,1,0,0,0,1,1,0,0,0,0,0,0,1,0,0,0,0,0,0,1,0,0,0,0,0.81,0.9898,0.875
Actinomycosis (Bacterial Infection)_21,Actinomycosis (Bacterial Infection),0,0,1,0,0,0,0,0,0,0,0,0,0,0,0,0,0,0,0,0,1,1,0,0,0,0,0,1,1,0,0,0,0,0,0,0,0,0,0,0,0.63,0.832,0.625
Actinomycosis (Bacterial Infection)_22,Actinomycosis (Bacterial Infection),0,0,0,0,0,0,0,0,0,0,0,0,0,0,1,0,1,0,0,0,0,1,0,0,0,0,0,1,1,0,0,0,0,0,0,0,0,0,0,0,0.63,0.8292,0.625
Actinomycosis (Bacterial Infection)_23,Actinomycosis (Bacterial Infection),0,0,1,0,0,0,0,0,0,0,0,0,0,0,1,0,0,0,0,0,1,1,0,0,0,0,0,1,1,0,0,0,0,0,0,1,0,0,0,0,0.81,0.9806,0.875
Actinomycosis (Bacterial Infection)_24,Actinomycosis (Bacterial Infection),0,0,0,0,0,0,0,0,0,0,0,0,0,0,1,0,1,0,0,0,1,1,0,0,0,0,0,1,1,0,0,0,0,0,0,1,0,0,0,0,0.81,0.9819,0.875
Actinomycosis (Bacterial Infection)_25,Actinomycosis (Bacterial Infection),0,0,1,0,0,0,0,0,0,0,0,0,0,0,1,0,1,0,0,0,0,1,0,0,0,0,0,1,1,0,0,0,0,0,0,1,0,0,0,0,0.81,0.9679,0.875
Actinomycosis (Bacterial Infection)_26,Actinomycosis (Bacterial Infection),0,0,1,0,0,0,0,0,0,0,0,0,0,0,1,0,1,0,0,0,1,1,0,0,0,0,0,1,1,0,0,0,0,0,0,1,0,0,0,0,0.9,0.9923,1.0
Actinomycosis (Bacterial Infection)_27,Actinomycosis (Bacterial Infection),0,0,1,0,0,0,0,0,0,0,0,0,0,0,1,0,1,0,0,0,1,1,0,0,0,0,0,1,1,0,0,0,0,0,0,1,0,0,0,0,0.9,0.9923,1.0
Actinomycosis (Bacterial Infection)_28,Actinomycosis (Bacterial Infection),0,0,1,0,0,0,0,0,0,0,0,0,0,0,0,0,1,0,0,0,1,1,0,0,0,0,0,1,1,0,0,0,0,0,0,1,0,0,0,0,0.81,0.9852,0.875
Actinomycosis (Bacterial Infection)_29,Actinomycosis (Bacterial Infection),0,0,1,0,0,0,0,0,0,0,0,0,0,0,1,0,0,0,0,0,1,1,0,0,0,0,0,1,1,0,0,0,0,0,0,1,0,0,0,0,0.81,0.9806,0.875
Actinomycosis (Bacterial Infection)_30,Actinomycosis (Bacterial Infection),0,0,0,0,0,0,0,0,0,0,0,0,0,0,1,0,1,0,0,0,1,1,0,0,0,0,0,1,1,0,0,0,0,0,0,1,0,0,0,0,0.81,0.9819,0.875
Campylobacteriosis (Bacterial Infection)_1,Campylobacteriosis (Bacterial Infection),1,0,0,0,0,0,0,0,0,0,0,0,1,0,0,0,0,0,0,0,0,1,0,0,0,0,0,0,1,0,0,0,0,0,0,0,0,1,0,0,0.81,0.8267,0.833333333
Campylobacteriosis (Bacterial Infection)_2,Campylobacteriosis (Bacterial Infection),1,0,0,0,0,0,0,0,0,0,0,0,1,0,0,0,0,0,0,0,0,1,0,0,0,0,0,0,1,0,0,0,0,0,0,0,0,1,0,0,0.81,0.8267,0.833333333
Campylobacteriosis (Bacterial Infection)_3,Campylobacteriosis (Bacterial Infection),1,0,0,0,0,0,0,0,0,0,0,0,1,0,0,0,0,0,0,0,0,1,0,0,0,0,0,1,1,0,0,0,0,0,0,0,0,1,0,0,0.9,0.6944,1.0
Campylobacteriosis (Bacterial Infection)_4,Campylobacteriosis (Bacterial Infection),0,0,0,0,0,0,0,0,0,0,0,0,1,0,0,0,0,0,0,0,0,1,0,0,0,0,0,1,1,0,0,0,0,0,0,0,0,1,0,0,0.81,0.4634,0.833333333
Campylobacteriosis (Bacterial Infection)_5,Campylobacteriosis (Bacterial Infection),1,0,0,0,0,0,0,0,0,0,0,0,1,0,0,0,0,0,0,0,0,1,0,0,0,0,0,0,1,0,0,0,0,0,0,0,0,1,0,0,0.81,0.8267,0.833333333
Campylobacteriosis (Bacterial Infection)_6,Campylobacteriosis (Bacterial Infection),1,0,0,0,0,0,0,0,0,0,0,0,1,0,0,0,0,0,0,0,0,1,0,0,0,0,0,0,1,0,0,0,0,0,0,0,0,1,0,0,0.81,0.8267,0.833333333
Campylobacteriosis (Bacterial Infection)_7,Campylobacteriosis (Bacterial Infection),0,0,0,0,0,0,0,0,0,0,0,0,1,0,0,0,0,0,0,0,0,1,0,0,0,0,0,0,1,0,0,0,0,0,0,0,0,1,0,0,0.72,0.4351,0.666666667
Campylobacteriosis (Bacterial Infection)_8,Campylobacteriosis (Bacterial Infection),1,0,0,0,0,0,0,0,0,0,0,0,1,0,0,0,0,0,0,0,0,1,0,0,0,0,0,1,1,0,0,0,0,0,0,0,0,1,0,0,0.9,0.6944,1.0
Campylobacteriosis (Bacterial Infection)_9,Campylobacteriosis (Bacterial Infection),1,0,0,0,0,0,0,0,0,0,0,0,1,0,0,0,0,0,0,0,0,1,0,0,0,0,0,1,1,0,0,0,0,0,0,0,0,1,0,0,0.9,0.6944,1.0
Campylobacteriosis (Bacterial Infection)_10,Campylobacteriosis (Bacterial Infection),0,0,0,0,0,0,0,0,0,0,0,0,1,0,0,0,0,0,0,0,0,1,0,0,0,0,0,1,1,0,0,0,0,0,0,0,0,1,0,0,0.81,0.4634,0.833333333
Campylobacteriosis (Bacterial Infection)_11,Campylobacteriosis (Bacterial Infection),1,0,0,0,0,0,0,0,0,0,0,0,1,0,0,0,0,0,0,0,0,0,0,0,0,0,0,0,1,0,0,0,0,0,0,0,0,1,0,0,0.63,0.4246,0.666666667
Campylobacteriosis (Bacterial Infection)_12,Campylobacteriosis (Bacterial Infection),1,0,0,0,0,0,0,0,0,0,0,0,1,0,0,0,0,0,0,0,0,1,0,0,0,0,0,0,1,0,0,0,0,0,0,0,0,1,0,0,0.81,0.8267,0.833333333
Campylobacteriosis (Bacterial Infection)_13,Campylobacteriosis (Bacterial Infection),1,0,0,0,0,0,0,0,0,0,0,0,1,0,0,0,0,0,0,0,0,1,0,0,0,0,0,1,1,0,0,0,0,0,0,0,0,1,0,0,0.9,0.6944,1.0
Campylobacteriosis (Bacterial Infection)_14,Campylobacteriosis (Bacterial Infection),1,0,0,0,0,0,0,0,0,0,0,0,1,0,0,0,0,0,0,0,0,1,0,0,0,0,0,1,1,0,0,0,0,0,0,0,0,1,0,0,0.9,0.6944,1.0
Campylobacteriosis (Bacterial Infection)_15,Campylobacteriosis (Bacterial Infection),1,0,0,0,0,0,0,0,0,0,0,0,1,0,0,0,0,0,0,0,0,1,0,0,0,0,0,1,1,0,0,0,0,0,0,0,0,1,0,0,0.9,0.6944,1.0
Campylobacteriosis (Bacterial Infection)_16,Campylobacteriosis (Bacterial Infection),1,0,0,0,0,0,0,0,0,0,0,0,1,0,0,0,0,0,0,0,0,1,0,0,0,0,0,0,1,0,0,0,0,0,0,0,0,1,0,0,0.81,0.8267,0.833333333
Campylobacteriosis (Bacterial Infection)_17,Campylobacteriosis (Bacterial Infection),1,0,0,0,0,0,0,0,0,0,0,0,1,0,0,0,0,0,0,0,0,1,0,0,0,0,0,0,1,0,0,0,0,0,0,0,0,1,0,0,0.81,0.8267,0.833333333
Campylobacteriosis (Bacterial Infection)_18,Campylobacteriosis (Bacterial Infection),0,0,0,0,0,0,0,0,0,0,0,0,1,0,0,0,0,0,0,0,0,1,0,0,0,0,0,0,1,0,0,0,0,0,0,0,0,1,0,0,0.72,0.4351,0.666666667
Campylobacteriosis (Bacterial Infection)_19,Campylobacteriosis (Bacterial Infection),1,0,0,0,0,0,0,0,0,0,0,0,1,0,0,0,0,0,0,0,0,1,0,0,0,0,0,1,1,0,0,0,0,0,0,0,0,1,0,0,0.9,0.6944,1.0
Campylobacteriosis (Bacterial Infection)_20,Campylobacteriosis (Bacterial Infection),1,0,0,0,0,0,0,0,0,0,0,0,1,0,0,0,0,0,0,0,0,1,0,0,0,0,0,1,1,0,0,0,0,0,0,0,0,1,0,0,0.9,0.6944,1.0
Campylobacteriosis (Bacterial Infection)_21,Campylobacteriosis (Bacterial Infection),1,0,0,0,0,0,0,0,0,0,0,0,1,0,0,0,0,0,0,0,0,0,0,0,0,0,0,1,1,0,0,0,0,0,0,0,0,1,0,0,0.72,0.2266,0.833333333
Campylobacteriosis (Bacterial Infection)_22,Campylobacteriosis (Bacterial Infection),1,0,0,0,0,0,0,0,0,0,0,0,1,0,0,0,0,0,0,0,0,1,0,0,0,0,0,1,1,0,0,0,0,0,0,0,0,1,0,0,0.9,0.6944,1.0
Campylobacteriosis (Bacterial Infection)_23,Campylobacteriosis (Bacterial Infection),1,0,0,0,0,0,0,0,0,0,0,0,1,0,0,0,0,0,0,0,0,1,0,0,0,0,0,0,1,0,0,0,0,0,0,0,0,1,0,0,0.81,0.8267,0.833333333
Campylobacteriosis (Bacterial Infection)_24,Campylobacteriosis (Bacterial Infection),0,0,0,0,0,0,0,0,0,0,0,0,1,0,0,0,0,0,0,0,0,1,0,0,0,0,0,1,1,0,0,0,0,0,0,0,0,1,0,0,0.81,0.4634,0.833333333
Campylobacteriosis (Bacterial Infection)_25,Campylobacteriosis (Bacterial Infection),1,0,0,0,0,0,0,0,0,0,0,0,1,0,0,0,0,0,0,0,0,1,0,0,0,0,0,1,1,0,0,0,0,0,0,0,0,1,0,0,0.9,0.6944,1.0
Campylobacteriosis (Bacterial Infection)_26,Campylobacteriosis (Bacterial Infection),1,0,0,0,0,0,0,0,0,0,0,0,1,0,0,0,0,0,0,0,0,1,0,0,0,0,0,0,1,0,0,0,0,0,0,0,0,1,0,0,0.81,0.8267,0.833333333
Campylobacteriosis (Bacterial Infection)_27,Campylobacteriosis (Bacterial Infection),0,0,0,0,0,0,0,0,0,0,0,0,1,0,0,0,0,0,0,0,0,1,0,0,0,0,0,1,1,0,0,0,0,0,0,0,0,1,0,0,0.81,0.4634,0.833333333
Campylobacteriosis (Bacterial Infection)_28,Campylobacteriosis (Bacterial Infection),1,0,0,0,0,0,0,0,0,0,0,0,1,0,0,0,0,0,0,0,0,1,0,0,0,0,0,1,1,0,0,0,0,0,0,0,0,1,0,0,0.9,0.6944,1.0
Campylobacteriosis (Bacterial Infection)_29,Campylobacteriosis (Bacterial Infection),0,0,0,0,0,0,0,0,0,0,0,0,1,0,0,0,0,0,0,0,0,1,0,0,0,0,0,1,1,0,0,0,0,0,0,0,0,1,0,0,0.81,0.4634,0.833333333
Campylobacteriosis (Bacterial Infection)_30,Campylobacteriosis (Bacterial Infection),0,0,0,0,0,0,0,0,0,0,0,0,1,0,0,0,0,0,0,0,0,1,0,0,0,0,0,1,1,0,0,0,0,0,0,0,0,1,0,0,0.81,0.4634,0.833333333
Streptococcus Infections_1,Streptococcus Infections,0,0,0,0,0,0,0,0,1,0,0,0,0,1,0,0,0,0,0,0,0,1,0,0,0,0,0,1,1,0,0,0,0,0,0,0,0,0,0,0,0.74,0.7952,0.714285714
Streptococcus Infections_2,Streptococcus Infections,0,0,0,0,0,0,0,0,1,0,0,0,0,1,0,0,0,0,0,0,0,1,0,0,0,0,0,1,1,0,0,0,0,0,0,1,0,0,0,0,0.82,0.9424,0.857142857
Streptococcus Infections_3,Streptococcus Infections,0,0,0,0,0,0,0,0,1,0,0,0,0,0,0,0,0,0,0,0,0,1,0,0,0,0,0,1,1,0,1,0,0,0,0,0,0,0,0,0,0.65,0.9088,0.714285714
Streptococcus Infections_4,Streptococcus Infections,0,0,0,0,0,0,0,0,1,0,0,0,0,0,0,0,0,0,0,0,0,1,0,0,0,0,0,1,1,0,1,0,0,0,0,1,0,0,0,0,0.74,0.9598,0.857142857
Streptococcus Infections_5,Streptococcus Infections,0,0,0,0,0,0,0,0,1,0,0,0,0,0,0,0,0,0,0,0,0,1,0,0,0,0,0,1,1,0,1,0,0,0,0,1,0,0,0,0,0.74,0.9598,0.857142857
Streptococcus Infections_6,Streptococcus Infections,0,0,0,0,0,0,0,0,1,0,0,0,0,1,0,0,0,0,0,0,0,1,0,0,0,0,0,1,1,0,1,0,0,0,0,1,0,0,0,0,0.9,0.9867,1.0
Streptococcus Infections_7,Streptococcus Infections,0,0,0,0,0,0,0,0,1,0,0,0,0,1,0,0,0,0,0,0,0,1,0,0,0,0,0,1,1,0,1,0,0,0,0,1,0,0,0,0,0.9,0.9867,1.0
Streptococcus Infections_8,Streptococcus Infections,0,0,0,0,0,0,0,0,1,0,0,0,0,0,0,0,0,0,0,0,0,1,0,0,0,0,0,1,1,0,1,0,0,0,0,1,0,0,0,0,0.74,0.9598,0.857142857
Streptococcus Infections_9,Streptococcus Infections,0,0,0,0,0,0,0,0,1,0,0,0,0,1,0,0,0,0,0,0,0,1,0,0,0,0,0,1,1,0,1,0,0,0,0,1,0,0,0,0,0.9,0.9867,1.0
Streptococcus Infections_10,Streptococcus Infections,0,0,0,0,0,0,0,0,1,0,0,0,0,0,0,0,0,0,0,0,0,1,0,0,0,0,0,1,1,0,1,0,0,0,0,1,0,0,0,0,0.74,0.9598,0.857142857
Streptococcus Infections_11,Streptococcus Infections,0,0,0,0,0,0,0,0,1,0,0,0,0,0,0,0,0,0,0,0,0,1,0,0,0,0,0,1,1,0,0,0,0,0,0,0,0,0,0,0,0.57,0.4977,0.571428571
Streptococcus Infections_12,Streptococcus Infections,0,0,0,0,0,0,0,0,1,0,0,0,0,1,0,0,0,0,0,0,0,1,0,0,0,0,0,1,0,0,1,0,0,0,0,1,0,0,0,0,0.74,0.9397,0.857142857
Streptococcus Infections_13,Streptococcus Infections,0,0,0,0,0,0,0,0,1,0,0,0,0,1,0,0,0,0,0,0,0,1,0,0,0,0,0,1,1,0,1,0,0,0,0,0,0,0,0,0,0.82,0.9545,0.857142857
Streptococcus Infections_14,Streptococcus Infections,0,0,0,0,0,0,0,0,1,0,0,0,0,1,0,0,0,0,0,0,0,1,0,0,0,0,0,1,1,0,1,0,0,0,0,0,0,0,0,0,0.82,0.9545,0.857142857
Streptococcus Infections_15,Streptococcus Infections,0,0,0,0,0,0,0,0,1,0,0,0,0,0,0,0,0,0,0,0,0,1,0,0,0,0,0,1,1,0,1,0,0,0,0,1,0,0,0,0,0.74,0.9598,0.857142857
Streptococcus Infections_16,Streptococcus Infections,0,0,0,0,0,0,0,0,1,0,0,0,0,1,0,0,0,0,0,0,0,1,0,0,0,0,0,1,1,0,1,0,0,0,0,1,0,0,0,0,0.9,0.9867,1.0
Streptococcus Infections_17,Streptococcus Infections,0,0,0,0,0,0,0,0,1,0,0,0,0,1,0,0,0,0,0,0,0,1,0,0,0,0,0,1,1,0,0,0,0,0,0,1,0,0,0,0,0.82,0.9424,0.857142857
Streptococcus Infections_18,Streptococcus Infections,0,0,0,0,0,0,0,0,1,0,0,0,0,1,0,0,0,0,0,0,0,1,0,0,0,0,0,1,1,0,1,0,0,0,0,0,0,0,0,0,0.82,0.9545,0.857142857
Streptococcus Infections_19,Streptococcus Infections,0,0,0,0,0,0,0,0,1,0,0,0,0,0,0,0,0,0,0,0,0,1,0,0,0,0,0,1,1,0,1,0,0,0,0,0,0,0,0,0,0.65,0.9088,0.714285714
Streptococcus Infections_20,Streptococcus Infections,0,0,0,0,0,0,0,0,1,0,0,0,0,1,0,0,0,0,0,0,0,1,0,0,0,0,0,1,1,0,1,0,0,0,0,1,0,0,0,0,0.9,0.9867,1.0
Streptococcus Infections_21,Streptococcus Infections,0,0,0,0,0,0,0,0,1,0,0,0,0,1,0,0,0,0,0,0,0,1,0,0,0,0,0,1,1,0,0,0,0,0,0,0,0,0,0,0,0.74,0.7952,0.714285714
Streptococcus Infections_22,Streptococcus Infections,0,0,0,0,0,0,0,0,1,0,0,0,0,1,0,0,0,0,0,0,0,1,0,0,0,0,0,1,1,0,1,0,0,0,0,0,0,0,0,0,0.82,0.9545,0.857142857
Streptococcus Infections_23,Streptococcus Infections,0,0,0,0,0,0,0,0,1,0,0,0,0,0,0,0,0,0,0,0,0,1,0,0,0,0,0,1,1,0,1,0,0,0,0,1,0,0,0,0,0.74,0.9598,0.857142857
Streptococcus Infections_24,Streptococcus Infections,0,0,0,0,0,0,0,0,1,0,0,0,0,0,0,0,0,0,0,0,0,1,0,0,0,0,0,1,1,0,1,0,0,0,0,1,0,0,0,0,0.74,0.9598,0.857142857
Streptococcus Infections_25,Streptococcus Infections,0,0,0,0,0,0,0,0,1,0,0,0,0,1,0,0,0,0,0,0,0,1,0,0,0,0,0,1,1,0,1,0,0,0,0,1,0,0,0,0,0.9,0.9867,1.0
Streptococcus Infections_26,Streptococcus Infections,0,0,0,0,0,0,0,0,1,0,0,0,0,0,0,0,0,0,0,0,0,1,0,0,0,0,0,1,1,0,1,0,0,0,0,0,0,0,0,0,0.65,0.9088,0.714285714
Streptococcus Infections_27,Streptococcus Infections,0,0,0,0,0,0,0,0,1,0,0,0,0,1,0,0,0,0,0,0,0,1,0,0,0,0,0,1,1,0,1,0,0,0,0,1,0,0,0,0,0.9,0.9867,1.0
Streptococcus Infections_28,Streptococcus Infections,0,0,0,0,0,0,0,0,1,0,0,0,0,1,0,0,0,0,0,0,0,1,0,0,0,0,0,1,1,0,0,0,0,0,0,1,0,0,0,0,0.82,0.9424,0.857142857
Streptococcus Infections_29,Streptococcus Infections,0,0,0,0,0,0,0,0,1,0,0,0,0,0,0,0,0,0,0,0,0,1,0,0,0,0,0,1,1,0,1,0,0,0,0,1,0,0,0,0,0.74,0.9598,0.857142857
Streptococcus Infections_30,Streptococcus Infections,0,0,0,0,0,0,0,0,1,0,0,0,0,1,0,0,0,0,0,0,0,1,0,0,0,0,0,1,0,0,1,0,0,0,0,0,0,0,0,0,0.65,0.5828,0.714285714
