Test Case ID,Illness,Abdominal Pain,Aggression,Anxiety,Breathing Difficulty,Confusion,Coughing,Decreased Appetite,Dehydration,Depression,Diarrhea,Difficulty Breathing,Difficulty Swallowing,Excessive Crying,Excessive Drooling,Eye Discharge,Eye Inflammation,Fearfulness,Fever,Gagging,Hypothermia,Irritability,Jaundice,Lethargy,Light Sensitivity,Loss of Appetite,Muscle Paralysis,Muscle Twitching,Nasal Discharge,Petechiae on Skin,Restlessness,Retching,Seizures,Sneezing,Sound Sensitivity,Spontaneous Bleeding,Staggering,Swelling,Thirst,Unusual Behavior,Vomiting,Weakness,Weight Loss,Yellow Gums,Yellow Skin,FC_Confidence,GB_Confidence,Symptom_Match_Ratio
Canine Enteric Coronavirus_1,Canine Enteric Coronavirus,0,0,0,0,0,0,0,0,0,1,0,0,0,0,0,0,0,0,0,0,0,0,1,0,0,0,0,0,0,0,0,0,0,0,0,0,0,0,0,1,0,0,0,0,0.57,0.2162,0.6
Canine Enteric Coronavirus_2,Canine Enteric Coronavirus,1,0,0,0,0,0,0,0,0,1,0,0,0,0,0,0,0,0,0,0,0,0,1,0,0,0,0,0,0,0,0,0,0,0,0,0,0,0,0,1,0,0,0,0,0.74,0.7327,0.8
Canine Enteric Coronavirus_3,Canine Enteric Coronavirus,1,0,0,0,0,0,0,0,0,1,0,0,0,0,0,0,0,0,0,0,0,0,1,0,0,0,0,0,0,0,0,0,0,0,0,0,0,0,0,1,0,0,0,0,0.74,0.7327,0.8
Canine Enteric Coronavirus_4,Canine Enteric Coronavirus,1,0,0,0,0,0,1,0,0,1,0,0,0,0,0,0,0,0,0,0,0,0,1,0,0,0,0,0,0,0,0,0,0,0,0,0,0,0,0,1,0,0,0,0,0.9,0.9566,1.0
Canine Enteric Coronavirus_5,Canine Enteric Coronavirus,1,0,0,0,0,0,0,0,0,1,0,0,0,0,0,0,0,0,0,0,0,0,1,0,0,0,0,0,0,0,0,0,0,0,0,0,0,0,0,1,0,0,0,0,0.74,0.7327,0.8
Canine Enteric Coronavirus_6,Canine Enteric Coronavirus,1,0,0,0,0,0,1,0,0,1,0,0,0,0,0,0,0,0,0,0,0,0,1,0,0,0,0,0,0,0,0,0,0,0,0,0,0,0,0,1,0,0,0,0,0.9,0.9566,1.0
Canine Enteric Coronavirus_7,Canine Enteric Coronavirus,1,0,0,0,0,0,0,0,0,1,0,0,0,0,0,0,0,0,0,0,0,0,1,0,0,0,0,0,0,0,0,0,0,0,0,0,0,0,0,1,0,0,0,0,0.74,0.7327,0.8
Canine Enteric Coronavirus_8,Canine Enteric Coronavirus,1,0,0,0,0,0,0,0,0,1,0,0,0,0,0,0,0,0,0,0,0,0,1,0,0,0,0,0,0,0,0,0,0,0,0,0,0,0,0,1,0,0,0,0,0.74,0.7327,0.8
Canine Enteric Coronavirus_9,Canine Enteric Coronavirus,0,0,0,0,0,0,1,0,0,1,0,0,0,0,0,0,0,0,0,0,0,0,1,0,0,0,0,0,0,0,0,0,0,0,0,0,0,0,0,1,0,0,0,0,0.73,0.6694,0.8
Canine Enteric Coronavirus_10,Canine Enteric Coronavirus,1,0,0,0,0,0,1,0,0,1,0,0,0,0,0,0,0,0,0,0,0,0,1,0,0,0,0,0,0,0,0,0,0,0,0,0,0,0,0,1,0,0,0,0,0.9,0.9566,1.0
Canine Enteric Coronavirus_11,Canine Enteric Coronavirus,1,0,0,0,0,0,0,0,0,1,0,0,0,0,0,0,0,0,0,0,0,0,1,0,0,0,0,0,0,0,0,0,0,0,0,0,0,0,0,1,0,0,0,0,0.74,0.7327,0.8
Canine Enteric Coronavirus_12,Canine Enteric Coronavirus,0,0,0,0,0,0,1,0,0,1,0,0,0,0,0,0,0,0,0,0,0,0,1,0,0,0,0,0,0,0,0,0,0,0,0,0,0,0,0,1,0,0,0,0,0.73,0.6694,0.8
Canine Enteric Coronavirus_13,Canine Enteric Coronavirus,1,0,0,0,0,0,0,0,0,1,0,0,0,0,0,0,0,0,0,0,0,0,1,0,0,0,0,0,0,0,0,0,0,0,0,0,0,0,0,1,0,0,0,0,0.74,0.7327,0.8
Canine Enteric Coronavirus_14,Canine Enteric Coronavirus,1,0,0,0,0,0,1,0,0,1,0,0,0,0,0,0,0,0,0,0,0,0,1,0,0,0,0,0,0,0,0,0,0,0,0,0,0,0,0,1,0,0,0,0,0.9,0.9566,1.0
Canine Enteric Coronavirus_15,Canine Enteric Coronavirus,1,0,0,0,0,0,1,0,0,1,0,0,0,0,0,0,0,0,0,0,0,0,1,0,0,0,0,0,0,0,0,0,0,0,0,0,0,0,0,1,0,0,0,0,0.9,0.9566,1.0
Canine Enteric Coronavirus_16,Canine Enteric Coronavirus,1,0,0,0,0,0,0,0,0,1,0,0,0,0,0,0,0,0,0,0,0,0,1,0,0,0,0,0,0,0,0,0,0,0,0,0,0,0,0,1,0,0,0,0,0.74,0.7327,0.8
Canine Enteric Coronavirus_17,Canine Enteric Coronavirus,1,0,0,0,0,0,0,0,0,1,0,0,0,0,0,0,0,0,0,0,0,0,1,0,0,0,0,0,0,0,0,0,0,0,0,0,0,0,0,1,0,0,0,0,0.74,0.7327,0.8
Canine Enteric Coronavirus_18,Canine Enteric Coronavirus,1,0,0,0,0,0,0,0,0,1,0,0,0,0,0,0,0,0,0,0,0,0,1,0,0,0,0,0,0,0,0,0,0,0,0,0,0,0,0,1,0,0,0,0,0.74,0.7327,0.8
Canine Enteric Coronavirus_19,Canine Enteric Coronavirus,1,0,0,0,0,0,0,0,0,1,0,0,0,0,0,0,0,0,0,0,0,0,1,0,0,0,0,0,0,0,0,0,0,0,0,0,0,0,0,1,0,0,0,0,0.74,0.7327,0.8
Canine Enteric Coronavirus_20,Canine Enteric Coronavirus,1,0,0,0,0,0,1,0,0,1,0,0,0,0,0,0,0,0,0,0,0,0,1,0,0,0,0,0,0,0,0,0,0,0,0,0,0,0,0,1,0,0,0,0,0.9,0.9566,1.0
Canine Enteric Coronavirus_21,Canine Enteric Coronavirus,1,0,0,0,0,0,1,0,0,1,0,0,0,0,0,0,0,0,0,0,0,0,1,0,0,0,0,0,0,0,0,0,0,0,0,0,0,0,0,1,0,0,0,0,0.9,0.9566,1.0
Canine Enteric Coronavirus_22,Canine Enteric Coronavirus,1,0,0,0,0,0,1,0,0,1,0,0,0,0,0,0,0,0,0,0,0,0,0,0,0,0,0,0,0,0,0,0,0,0,0,0,0,0,0,1,0,0,0,0,0.73,0.8273,0.8
Canine Enteric Coronavirus_23,Canine Enteric Coronavirus,1,0,0,0,0,0,1,0,0,1,0,0,0,0,0,0,0,0,0,0,0,0,1,0,0,0,0,0,0,0,0,0,0,0,0,0,0,0,0,1,0,0,0,0,0.9,0.9566,1.0
Canine Enteric Coronavirus_24,Canine Enteric Coronavirus,1,0,0,0,0,0,1,0,0,1,0,0,0,0,0,0,0,0,0,0,0,0,1,0,0,0,0,0,0,0,0,0,0,0,0,0,0,0,0,1,0,0,0,0,0.9,0.9566,1.0
Canine Enteric Coronavirus_25,Canine Enteric Coronavirus,1,0,0,0,0,0,1,0,0,1,0,0,0,0,0,0,0,0,0,0,0,0,1,0,0,0,0,0,0,0,0,0,0,0,0,0,0,0,0,1,0,0,0,0,0.9,0.9566,1.0
Canine Enteric Coronavirus_26,Canine Enteric Coronavirus,1,0,0,0,0,0,0,0,0,1,0,0,0,0,0,0,0,0,0,0,0,0,1,0,0,0,0,0,0,0,0,0,0,0,0,0,0,0,0,1,0,0,0,0,0.74,0.7327,0.8
Canine Enteric Coronavirus_27,Canine Enteric Coronavirus,1,0,0,0,0,0,0,0,0,1,0,0,0,0,0,0,0,0,0,0,0,0,1,0,0,0,0,0,0,0,0,0,0,0,0,0,0,0,0,1,0,0,0,0,0.74,0.7327,0.8
Canine Enteric Coronavirus_28,Canine Enteric Coronavirus,1,0,0,0,0,0,1,0,0,1,0,0,0,0,0,0,0,0,0,0,0,0,1,0,0,0,0,0,0,0,0,0,0,0,0,0,0,0,0,1,0,0,0,0,0.9,0.9566,1.0
Canine Enteric Coronavirus_29,Canine Enteric Coronavirus,1,0,0,0,0,0,1,0,0,1,0,0,0,0,0,0,0,0,0,0,0,0,1,0,0,0,0,0,0,0,0,0,0,0,0,0,0,0,0,1,0,0,0,0,0.9,0.9566,1.0
Canine Enteric Coronavirus_30,Canine Enteric Coronavirus,1,0,0,0,0,0,1,0,0,1,0,0,0,0,0,0,0,0,0,0,0,0,1,0,0,0,0,0,0,0,0,0,0,0,0,0,0,0,0,1,0,0,0,0,0.9,0.9566,1.0
Canine Respiratory Coronavirus_1,Canine Respiratory Coronavirus,0,0,0,0,0,1,1,0,0,0,0,0,0,0,0,0,0,1,0,0,0,0,1,0,0,0,0,1,0,0,0,0,1,0,0,0,0,0,0,0,0,0,0,0,0.65,0.7807,0.75
Canine Respiratory Coronavirus_2,Canine Respiratory Coronavirus,0,0,0,0,0,1,1,0,0,0,0,0,0,0,1,0,0,1,0,0,0,0,1,0,0,0,0,1,0,0,0,0,1,0,0,0,0,0,0,0,0,0,0,0,0.74,0.7331,0.875
Canine Respiratory Coronavirus_3,Canine Respiratory Coronavirus,0,0,0,0,0,1,1,0,0,0,1,0,0,0,1,0,0,1,0,0,0,0,1,0,0,0,0,1,0,0,0,0,1,0,0,0,0,0,0,0,0,0,0,0,0.9,0.9758,1.0
Canine Respiratory Coronavirus_4,Canine Respiratory Coronavirus,0,0,0,0,0,1,0,0,0,0,1,0,0,0,1,0,0,1,0,0,0,0,1,0,0,0,0,1,0,0,0,0,1,0,0,0,0,0,0,0,0,0,0,0,0.82,0.9754,0.875
Canine Respiratory Coronavirus_5,Canine Respiratory Coronavirus,0,0,0,0,0,1,0,0,0,0,1,0,0,0,1,0,0,0,0,0,0,0,1,0,0,0,0,1,0,0,0,0,1,0,0,0,0,0,0,0,0,0,0,0,0.65,0.9722,0.75
Canine Respiratory Coronavirus_6,Canine Respiratory Coronavirus,0,0,0,0,0,1,0,0,0,0,1,0,0,0,0,0,0,1,0,0,0,0,1,0,0,0,0,1,0,0,0,0,1,0,0,0,0,0,0,0,0,0,0,0,0.74,0.8604,0.75
Canine Respiratory Coronavirus_7,Canine Respiratory Coronavirus,0,0,0,0,0,1,0,0,0,0,1,0,0,0,1,0,0,1,0,0,0,0,1,0,0,0,0,1,0,0,0,0,1,0,0,0,0,0,0,0,0,0,0,0,0.82,0.9754,0.875
Canine Respiratory Coronavirus_8,Canine Respiratory Coronavirus,0,0,0,0,0,1,1,0,0,0,1,0,0,0,0,0,0,1,0,0,0,0,1,0,0,0,0,1,0,0,0,0,1,0,0,0,0,0,0,0,0,0,0,0,0.82,0.8974,0.875
Canine Respiratory Coronavirus_9,Canine Respiratory Coronavirus,0,0,0,0,0,1,1,0,0,0,1,0,0,0,1,0,0,1,0,0,0,0,1,0,0,0,0,1,0,0,0,0,1,0,0,0,0,0,0,0,0,0,0,0,0.9,0.9758,1.0
Canine Respiratory Coronavirus_10,Canine Respiratory Coronavirus,0,0,0,0,0,1,0,0,0,0,0,0,0,0,1,0,0,1,0,0,0,0,1,0,0,0,0,1,0,0,0,0,1,0,0,0,0,0,0,0,0,0,0,0,0.65,0.7321,0.75
Canine Respiratory Coronavirus_11,Canine Respiratory Coronavirus,0,0,0,0,0,1,0,0,0,0,0,0,0,0,1,0,0,1,0,0,0,0,1,0,0,0,0,1,0,0,0,0,1,0,0,0,0,0,0,0,0,0,0,0,0.65,0.7321,0.75
Canine Respiratory Coronavirus_12,Canine Respiratory Coronavirus,0,0,0,0,0,1,1,0,0,0,1,0,0,0,1,0,0,1,0,0,0,0,1,0,0,0,0,1,0,0,0,0,1,0,0,0,0,0,0,0,0,0,0,0,0.9,0.9758,1.0
Canine Respiratory Coronavirus_13,Canine Respiratory Coronavirus,0,0,0,0,0,1,0,0,0,0,1,0,0,0,0,0,0,1,0,0,0,0,1,0,0,0,0,1,0,0,0,0,1,0,0,0,0,0,0,0,0,0,0,0,0.74,0.8604,0.75
Canine Respiratory Coronavirus_14,Canine Respiratory Coronavirus,0,0,0,0,0,1,0,0,0,0,1,0,0,0,0,0,0,1,0,0,0,0,0,0,0,0,0,1,0,0,0,0,1,0,0,0,0,0,0,0,0,0,0,0,0.65,0.9057,0.625
Canine Respiratory Coronavirus_15,Canine Respiratory Coronavirus,0,0,0,0,0,1,1,0,0,0,1,0,0,0,1,0,0,0,0,0,0,0,1,0,0,0,0,1,0,0,0,0,0,0,0,0,0,0,0,0,0,0,0,0,0.65,0.9167,0.75
Canine Respiratory Coronavirus_16,Canine Respiratory Coronavirus,0,0,0,0,0,1,0,0,0,0,0,0,0,0,1,0,0,1,0,0,0,0,1,0,0,0,0,1,0,0,0,0,1,0,0,0,0,0,0,0,0,0,0,0,0.65,0.7321,0.75
Canine Respiratory Coronavirus_17,Canine Respiratory Coronavirus,0,0,0,0,0,1,1,0,0,0,1,0,0,0,1,0,0,1,0,0,0,0,1,0,0,0,0,1,0,0,0,0,1,0,0,0,0,0,0,0,0,0,0,0,0.9,0.9758,1.0
Canine Respiratory Coronavirus_18,Canine Respiratory Coronavirus,0,0,0,0,0,1,0,0,0,0,0,0,0,0,0,0,0,1,0,0,0,0,1,0,0,0,0,0,0,0,0,0,1,0,0,0,0,0,0,0,0,0,0,0,0.49,0.5366,0.5
Canine Respiratory Coronavirus_19,Canine Respiratory Coronavirus,0,0,0,0,0,1,1,0,0,0,1,0,0,0,1,0,0,1,0,0,0,0,1,0,0,0,0,1,0,0,0,0,1,0,0,0,0,0,0,0,0,0,0,0,0.9,0.9758,1.0
Canine Respiratory Coronavirus_20,Canine Respiratory Coronavirus,0,0,0,0,0,1,1,0,0,0,0,0,0,0,1,0,0,1,0,0,0,0,1,0,0,0,0,1,0,0,0,0,1,0,0,0,0,0,0,0,0,0,0,0,0.74,0.7331,0.875
Canine Respiratory Coronavirus_21,Canine Respiratory Coronavirus,0,0,0,0,0,1,1,0,0,0,1,0,0,0,1,0,0,1,0,0,0,0,1,0,0,0,0,1,0,0,0,0,1,0,0,0,0,0,0,0,0,0,0,0,0.9,0.9758,1.0
Canine Respiratory Coronavirus_22,Canine Respiratory Coronavirus,0,0,0,0,0,1,0,0,0,0,1,0,0,0,0,0,0,1,0,0,0,0,1,0,0,0,0,1,0,0,0,0,1,0,0,0,0,0,0,0,0,0,0,0,0.74,0.8604,0.75
Canine Respiratory Coronavirus_23,Canine Respiratory Coronavirus,0,0,0,0,0,1,1,0,0,0,0,0,0,0,0,0,0,1,0,0,0,0,1,0,0,0,0,0,0,0,0,0,1,0,0,0,0,0,0,0,0,0,0,0,0.57,0.6663,0.625
Canine Respiratory Coronavirus_24,Canine Respiratory Coronavirus,0,0,0,0,0,1,1,0,0,0,0,0,0,0,0,0,0,1,0,0,0,0,1,0,0,0,0,1,0,0,0,0,1,0,0,0,0,0,0,0,0,0,0,0,0.65,0.7807,0.75
Canine Respiratory Coronavirus_25,Canine Respiratory Coronavirus,0,0,0,0,0,1,0,0,0,0,1,0,0,0,0,0,0,1,0,0,0,0,1,0,0,0,0,1,0,0,0,0,1,0,0,0,0,0,0,0,0,0,0,0,0.74,0.8604,0.75
Canine Respiratory Coronavirus_26,Canine Respiratory Coronavirus,0,0,0,0,0,1,0,0,0,0,0,0,0,0,0,0,0,1,0,0,0,0,1,0,0,0,0,1,0,0,0,0,1,0,0,0,0,0,0,0,0,0,0,0,0.57,0.7884,0.625
Canine Respiratory Coronavirus_27,Canine Respiratory Coronavirus,0,0,0,0,0,1,1,0,0,0,0,0,0,0,1,0,0,1,0,0,0,0,1,0,0,0,0,0,0,0,0,0,1,0,0,0,0,0,0,0,0,0,0,0,0.65,0.5315,0.75
Canine Respiratory Coronavirus_28,Canine Respiratory Coronavirus,0,0,0,0,0,1,1,0,0,0,1,0,0,0,0,0,0,1,0,0,0,0,1,0,0,0,0,1,0,0,0,0,1,0,0,0,0,0,0,0,0,0,0,0,0.82,0.8974,0.875
Canine Respiratory Coronavirus_29,Canine Respiratory Coronavirus,0,0,0,0,0,1,0,0,0,0,1,0,0,0,1,0,0,1,0,0,0,0,1,0,0,0,0,1,0,0,0,0,1,0,0,0,0,0,0,0,0,0,0,0,0.82,0.9754,0.875
Canine Respiratory Coronavirus_30,Canine Respiratory Coronavirus,0,0,0,0,0,1,1,0,0,0,0,0,0,0,1,0,0,1,0,0,0,0,1,0,0,0,0,1,0,0,0,0,1,0,0,0,0,0,0,0,0,0,0,0,0.74,0.7331,0.875
Canine Distemper_1,Canine Distemper,0,0,0,0,0,1,0,0,1,0,0,0,0,0,1,0,0,1,0,0,0,0,1,0,0,0,1,1,0,0,0,1,0,0,0,0,0,0,0,1,0,1,0,0,0.72,0.9852,0.769230769
Canine Distemper_2,Canine Distemper,0,0,0,0,0,1,0,0,0,1,0,0,0,0,1,0,0,1,0,0,0,0,1,0,0,0,1,1,0,0,0,1,1,0,0,0,0,0,0,1,0,1,0,0,0.81,0.9798,0.846153846
Canine Distemper_3,Canine Distemper,0,0,0,0,0,1,0,1,1,1,0,0,0,0,1,0,0,1,0,0,0,0,1,0,0,0,1,1,0,0,0,1,1,0,0,0,0,0,0,0,0,1,0,0,0.81,0.9855,0.923076923
Canine Distemper_4,Canine Distemper,0,0,0,0,0,1,0,1,0,0,0,0,0,0,0,0,0,1,0,0,0,0,1,0,0,0,0,1,0,0,0,1,1,0,0,0,0,0,0,1,0,0,0,0,0.62,0.8969,0.615384615
Canine Distemper_5,Canine Distemper,0,0,0,0,0,0,0,0,1,1,0,0,0,0,1,0,0,1,0,0,0,0,1,0,0,0,1,1,0,0,0,1,1,0,0,0,0,0,0,1,0,1,0,0,0.76,0.9871,0.846153846
Canine Distemper_6,Canine Distemper,0,0,0,0,0,1,0,1,0,1,0,0,0,0,1,0,0,1,0,0,0,0,1,0,0,0,1,1,0,0,0,1,1,0,0,0,0,0,0,1,0,1,0,0,0.85,0.9863,0.923076923
Canine Distemper_7,Canine Distemper,0,0,0,0,0,1,0,1,1,1,0,0,0,0,1,0,0,1,0,0,0,0,1,0,0,0,0,1,0,0,0,1,1,0,0,0,0,0,0,1,0,1,0,0,0.85,0.9901,0.923076923
Canine Distemper_8,Canine Distemper,0,0,0,0,0,1,0,1,1,1,0,0,0,0,1,0,0,1,0,0,0,0,1,0,0,0,1,1,0,0,0,1,1,0,0,0,0,0,0,1,0,1,0,0,0.9,0.9943,1.0
Canine Distemper_9,Canine Distemper,0,0,0,0,0,1,0,1,1,1,0,0,0,0,1,0,0,1,0,0,0,0,1,0,0,0,1,1,0,0,0,1,1,0,0,0,0,0,0,1,0,0,0,0,0.85,0.9927,0.923076923
Canine Distemper_10,Canine Distemper,0,0,0,0,0,1,0,1,0,1,0,0,0,0,1,0,0,1,0,0,0,0,1,0,0,0,1,1,0,0,0,1,1,0,0,0,0,0,0,1,0,1,0,0,0.85,0.9863,0.923076923
Canine Distemper_11,Canine Distemper,0,0,0,0,0,1,0,1,1,1,0,0,0,0,1,0,0,1,0,0,0,0,1,0,0,0,1,1,0,0,0,1,1,0,0,0,0,0,0,1,0,1,0,0,0.9,0.9943,1.0
Canine Distemper_12,Canine Distemper,0,0,0,0,0,1,0,1,1,1,0,0,0,0,1,0,0,1,0,0,0,0,1,0,0,0,0,1,0,0,0,1,1,0,0,0,0,0,0,1,0,1,0,0,0.85,0.9901,0.923076923
Canine Distemper_13,Canine Distemper,0,0,0,0,0,1,0,0,1,1,0,0,0,0,1,0,0,1,0,0,0,0,1,0,0,0,0,1,0,0,0,1,0,0,0,0,0,0,0,1,0,1,0,0,0.76,0.9111,0.769230769
Canine Distemper_14,Canine Distemper,0,0,0,0,0,1,0,0,1,1,0,0,0,0,1,0,0,1,0,0,0,0,1,0,0,0,1,1,0,0,0,1,0,0,0,0,0,0,0,1,0,1,0,0,0.81,0.9856,0.846153846
Canine Distemper_15,Canine Distemper,0,0,0,0,0,1,0,0,1,1,0,0,0,0,0,0,0,1,0,0,0,0,1,0,0,0,0,1,0,0,0,1,1,0,0,0,0,0,0,1,0,1,0,0,0.76,0.9602,0.769230769
Canine Distemper_16,Canine Distemper,0,0,0,0,0,1,0,1,0,0,0,0,0,0,1,0,0,1,0,0,0,0,1,0,0,0,0,1,0,0,0,1,1,0,0,0,0,0,0,1,0,1,0,0,0.72,0.9731,0.769230769
Canine Distemper_17,Canine Distemper,0,0,0,0,0,0,0,0,1,1,0,0,0,0,0,0,0,1,0,0,0,0,1,0,0,0,1,1,0,0,0,1,1,0,0,0,0,0,0,1,0,1,0,0,0.72,0.9785,0.769230769
Canine Distemper_18,Canine Distemper,0,0,0,0,0,1,0,0,1,1,0,0,0,0,1,0,0,1,0,0,0,0,1,0,0,0,0,1,0,0,0,1,0,0,0,0,0,0,0,1,0,1,0,0,0.76,0.9111,0.769230769
Canine Distemper_19,Canine Distemper,0,0,0,0,0,1,0,1,1,1,0,0,0,0,1,0,0,1,0,0,0,0,1,0,0,0,0,1,0,0,0,1,1,0,0,0,0,0,0,1,0,0,0,0,0.81,0.9822,0.846153846
Canine Distemper_20,Canine Distemper,0,0,0,0,0,1,0,0,0,1,0,0,0,0,1,0,0,1,0,0,0,0,1,0,0,0,1,1,0,0,0,1,1,0,0,0,0,0,0,1,0,0,0,0,0.76,0.9697,0.769230769
Canine Distemper_21,Canine Distemper,0,0,0,0,0,1,0,0,1,1,0,0,0,0,1,0,0,1,0,0,0,0,0,0,0,0,1,1,0,0,0,1,1,0,0,0,0,0,0,1,0,1,0,0,0.81,0.9942,0.846153846
Canine Distemper_22,Canine Distemper,0,0,0,0,0,1,0,0,1,1,0,0,0,0,1,0,0,1,0,0,0,0,1,0,0,0,1,1,0,0,0,1,0,0,0,0,0,0,0,1,0,0,0,0,0.76,0.976,0.769230769
Canine Distemper_23,Canine Distemper,0,0,0,0,0,1,0,1,1,1,0,0,0,0,1,0,0,1,0,0,0,0,1,0,0,0,1,1,0,0,0,1,1,0,0,0,0,0,0,1,0,1,0,0,0.9,0.9943,1.0
Canine Distemper_24,Canine Distemper,0,0,0,0,0,1,0,1,1,1,0,0,0,0,1,0,0,1,0,0,0,0,1,0,0,0,1,1,0,0,0,1,0,0,0,0,0,0,0,1,0,1,0,0,0.85,0.9841,0.923076923
Canine Distemper_25,Canine Distemper,0,0,0,0,0,1,0,0,1,1,0,0,0,0,1,0,0,1,0,0,0,0,0,0,0,0,1,1,0,0,0,1,0,0,0,0,0,0,0,1,0,1,0,0,0.76,0.9675,0.769230769
Canine Distemper_26,Canine Distemper,0,0,0,0,0,1,0,1,0,1,0,0,0,0,1,0,0,1,0,0,0,0,1,0,0,0,1,1,0,0,0,1,1,0,0,0,0,0,0,1,0,1,0,0,0.85,0.9863,0.923076923
Canine Distemper_27,Canine Distemper,0,0,0,0,0,1,0,0,1,1,0,0,0,0,1,0,0,0,0,0,0,0,1,0,0,0,0,1,0,0,0,1,1,0,0,0,0,0,0,1,0,1,0,0,0.72,0.9773,0.769230769
Canine Distemper_28,Canine Distemper,0,0,0,0,0,1,0,1,0,1,0,0,0,0,1,0,0,1,0,0,0,0,1,0,0,0,1,1,0,0,0,1,1,0,0,0,0,0,0,1,0,1,0,0,0.85,0.9863,0.923076923
Canine Distemper_29,Canine Distemper,0,0,0,0,0,1,0,0,1,0,0,0,0,0,1,0,0,1,0,0,0,0,1,0,0,0,1,1,0,0,0,1,1,0,0,0,0,0,0,1,0,1,0,0,0.76,0.9942,0.846153846
Canine Distemper_30,Canine Distemper,0,0,0,0,0,1,0,0,1,1,0,0,0,0,1,0,0,1,0,0,0,0,1,0,0,0,1,1,0,0,0,1,1,0,0,0,0,0,0,1,0,1,0,0,0.85,0.9942,0.923076923
Canine Herpesvirus_1,Canine Herpesvirus,0,0,0,0,0,1,0,0,0,1,0,0,1,0,1,1,0,1,0,0,0,0,1,0,0,0,0,1,0,0,0,1,0,0,0,0,0,0,0,0,0,0,0,0,0.64,0.9712,0.6
Canine Herpesvirus_2,Canine Herpesvirus,0,0,0,1,0,1,1,0,0,1,0,0,0,0,1,1,0,1,0,0,0,0,1,0,0,0,0,0,0,0,0,1,0,0,0,0,0,0,0,0,1,1,0,0,0.72,0.9835,0.733333333
Canine Herpesvirus_3,Canine Herpesvirus,0,0,0,0,0,1,1,0,0,1,0,0,1,0,1,1,0,1,0,0,0,0,1,0,0,0,0,0,0,0,0,1,1,0,0,0,0,0,0,0,0,1,0,0,0.72,0.9869,0.733333333
Canine Herpesvirus_4,Canine Herpesvirus,1,0,0,0,0,1,0,0,0,1,0,0,1,0,1,1,0,1,0,0,0,0,1,0,0,0,0,1,0,0,0,1,1,0,0,0,0,0,0,0,1,0,0,0,0.77,0.9908,0.8
Canine Herpesvirus_5,Canine Herpesvirus,1,0,0,0,0,1,0,0,0,1,0,0,0,0,1,0,0,1,0,0,0,0,1,0,0,0,0,0,0,0,0,1,1,0,0,0,0,0,0,0,1,0,0,0,0.64,0.7091,0.6
Canine Herpesvirus_6,Canine Herpesvirus,1,0,0,0,0,1,0,0,0,1,0,0,1,0,1,1,0,1,0,0,0,0,1,0,0,0,0,1,0,0,0,1,1,0,0,0,0,0,0,0,1,0,0,0,0.77,0.9908,0.8
Canine Herpesvirus_7,Canine Herpesvirus,1,0,0,1,0,1,1,0,0,1,0,0,1,0,1,0,0,1,0,0,0,0,1,0,0,0,0,1,0,0,0,1,0,0,0,0,0,0,0,0,1,1,0,0,0.81,0.9909,0.866666667
Canine Herpesvirus_8,Canine Herpesvirus,1,0,0,0,0,1,1,0,0,1,0,0,1,0,1,0,0,0,0,0,0,0,1,0,0,0,0,0,0,0,0,1,1,0,0,0,0,0,0,0,0,1,0,0,0.64,0.9801,0.666666667
Canine Herpesvirus_9,Canine Herpesvirus,1,0,0,1,0,1,1,0,0,1,0,0,1,0,0,1,0,1,0,0,0,0,1,0,0,0,0,1,0,0,0,1,0,0,0,0,0,0,0,0,0,1,0,0,0.77,0.9883,0.8
Canine Herpesvirus_10,Canine Herpesvirus,1,0,0,1,0,1,1,0,0,1,0,0,1,0,0,0,0,1,0,0,0,0,1,0,0,0,0,0,0,0,0,1,1,0,0,0,0,0,0,0,1,1,0,0,0.77,0.986,0.8
Canine Herpesvirus_11,Canine Herpesvirus,1,0,0,1,0,0,0,0,0,1,0,0,1,0,0,0,0,1,0,0,0,0,1,0,0,0,0,1,0,0,0,1,0,0,0,0,0,0,0,0,1,1,0,0,0.64,0.966,0.666666667
Canine Herpesvirus_12,Canine Herpesvirus,1,0,0,1,0,1,1,0,0,1,0,0,1,0,0,0,0,1,0,0,0,0,1,0,0,0,0,0,0,0,0,1,0,0,0,0,0,0,0,0,0,1,0,0,0.68,0.971,0.666666667
Canine Herpesvirus_13,Canine Herpesvirus,0,0,0,0,0,1,0,0,0,1,0,0,0,0,1,1,0,1,0,0,0,0,1,0,0,0,0,1,0,0,0,1,1,0,0,0,0,0,0,0,1,0,0,0,0.68,0.9689,0.666666667
Canine Herpesvirus_14,Canine Herpesvirus,1,0,0,1,0,1,1,0,0,1,0,0,1,0,1,1,0,1,0,0,0,0,1,0,0,0,0,0,0,0,0,1,0,0,0,0,0,0,0,0,1,0,0,0,0.77,0.9924,0.8
Canine Herpesvirus_15,Canine Herpesvirus,0,0,0,0,0,1,0,0,0,1,0,0,0,0,1,0,0,1,0,0,0,0,1,0,0,0,0,1,0,0,0,1,1,0,0,0,0,0,0,0,0,1,0,0,0.64,0.6907,0.6
Canine Herpesvirus_16,Canine Herpesvirus,0,0,0,0,0,1,1,0,0,1,0,0,0,0,0,1,0,1,0,0,0,0,1,0,0,0,0,0,0,0,0,1,0,0,0,0,0,0,0,0,1,0,0,0,0.59,0.9495,0.533333333
Canine Herpesvirus_17,Canine Herpesvirus,0,0,0,1,0,1,1,0,0,1,0,0,1,0,1,0,0,1,0,0,0,0,1,0,0,0,0,1,0,0,0,1,0,0,0,0,0,0,0,0,1,1,0,0,0.77,0.9866,0.8
Canine Herpesvirus_18,Canine Herpesvirus,1,0,0,1,0,1,1,0,0,1,0,0,1,0,1,1,0,1,0,0,0,0,1,0,0,0,0,0,0,0,0,1,0,0,0,0,0,0,0,0,0,1,0,0,0.77,0.9899,0.8
Canine Herpesvirus_19,Canine Herpesvirus,1,0,0,0,0,1,1,0,0,1,0,0,1,0,1,1,0,1,0,0,0,0,1,0,0,0,0,1,0,0,0,1,1,0,0,0,0,0,0,0,0,1,0,0,0.81,0.9922,0.866666667
Canine Herpesvirus_20,Canine Herpesvirus,0,0,0,0,0,1,0,0,0,1,0,0,1,0,0,0,0,1,0,0,0,0,1,0,0,0,0,1,0,0,0,1,1,0,0,0,0,0,0,0,1,1,0,0,0.68,0.9867,0.666666667
Canine Herpesvirus_21,Canine Herpesvirus,1,0,0,1,0,1,1,0,0,1,0,0,1,0,1,1,0,1,0,0,0,0,1,0,0,0,0,1,0,0,0,1,1,0,0,0,0,0,0,0,1,1,0,0,0.9,0.9944,1.0
Canine Herpesvirus_22,Canine Herpesvirus,0,0,0,1,0,1,1,0,0,1,0,0,0,0,1,1,0,1,0,0,0,0,1,0,0,0,0,1,0,0,0,1,0,0,0,0,0,0,0,0,1,0,0,0,0.72,0.9848,0.733333333
Canine Herpesvirus_23,Canine Herpesvirus,1,0,0,1,0,1,0,0,0,1,0,0,1,0,0,1,0,1,0,0,0,0,1,0,0,0,0,1,0,0,0,1,1,0,0,0,0,0,0,0,1,0,0,0,0.77,0.9873,0.8
Canine Herpesvirus_24,Canine Herpesvirus,1,0,0,1,0,1,1,0,0,1,0,0,1,0,0,1,0,1,0,0,0,0,1,0,0,0,0,1,0,0,0,1,0,0,0,0,0,0,0,0,1,1,0,0,0.81,0.991,0.866666667
Canine Herpesvirus_25,Canine Herpesvirus,1,0,0,1,0,1,1,0,0,1,0,0,0,0,0,1,0,1,0,0,0,0,1,0,0,0,0,1,0,0,0,1,1,0,0,0,0,0,0,0,0,0,0,0,0.72,0.9784,0.733333333
Canine Herpesvirus_26,Canine Herpesvirus,1,0,0,1,0,1,1,0,0,1,0,0,1,0,1,1,0,1,0,0,0,0,1,0,0,0,0,0,0,0,0,1,1,0,0,0,0,0,0,0,1,1,0,0,0.86,0.9942,0.933333333
Canine Herpesvirus_27,Canine Herpesvirus,0,0,0,0,0,1,1,0,0,1,0,0,1,0,1,1,0,1,0,0,0,0,1,0,0,0,0,0,0,0,0,1,1,0,0,0,0,0,0,0,1,1,0,0,0.77,0.998,0.8
Canine Herpesvirus_28,Canine Herpesvirus,1,0,0,1,0,1,0,0,0,1,0,0,1,0,1,1,0,0,0,0,0,0,1,0,0,0,0,0,0,0,0,1,1,0,0,0,0,0,0,0,1,0,0,0,0.68,0.986,0.733333333
Canine Herpesvirus_29,Canine Herpesvirus,1,0,0,1,0,1,1,0,0,1,0,0,1,0,1,0,0,1,0,0,0,0,1,0,0,0,0,0,0,0,0,1,1,0,0,0,0,0,0,0,0,1,0,0,0.77,0.992,0.8
Canine Herpesvirus_30,Canine Herpesvirus,0,0,0,1,0,1,1,0,0,1,0,0,0,0,0,0,0,1,0,0,0,0,1,0,0,0,0,0,0,0,0,1,1,0,0,0,0,0,0,0,0,1,0,0,0.64,0.9323,0.6
Canine Influenza_1,Canine Influenza,0,0,0,1,0,1,1,0,0,0,0,0,0,0,0,0,0,1,0,0,0,0,1,0,0,0,0,1,0,0,0,0,1,0,0,0,0,0,0,0,0,0,0,0,0.81,0.9105,0.875
Canine Influenza_2,Canine Influenza,0,0,0,1,0,1,1,0,0,0,0,0,0,0,0,0,0,1,0,0,0,0,1,0,0,0,0,1,0,0,0,0,1,0,0,0,0,0,0,0,0,0,0,0,0.81,0.9105,0.875
Canine Influenza_3,Canine Influenza,0,0,0,1,0,1,0,0,0,0,0,0,0,0,1,0,0,1,0,0,0,0,1,0,0,0,0,1,0,0,0,0,1,0,0,0,0,0,0,0,0,0,0,0,0.81,0.9238,0.875
Canine Influenza_4,Canine Influenza,0,0,0,1,0,1,0,0,0,0,0,0,0,0,0,0,0,1,0,0,0,0,1,0,0,0,0,1,0,0,0,0,1,0,0,0,0,0,0,0,0,0,0,0,0.72,0.8193,0.75
Canine Influenza_5,Canine Influenza,0,0,0,1,0,1,0,0,0,0,0,0,0,0,1,0,0,1,0,0,0,0,1,0,0,0,0,0,0,0,0,0,1,0,0,0,0,0,0,0,0,0,0,0,0.72,0.9603,0.75
Canine Influenza_6,Canine Influenza,0,0,0,1,0,1,0,0,0,0,0,0,0,0,1,0,0,1,0,0,0,0,1,0,0,0,0,1,0,0,0,0,1,0,0,0,0,0,0,0,0,0,0,0,0.81,0.9238,0.875
Canine Influenza_7,Canine Influenza,0,0,0,1,0,1,0,0,0,0,0,0,0,0,1,0,0,1,0,0,0,0,1,0,0,0,0,1,0,0,0,0,0,0,0,0,0,0,0,0,0,0,0,0,0.72,0.9362,0.75
Canine Influenza_8,Canine Influenza,0,0,0,1,0,1,1,0,0,0,0,0,0,0,0,0,0,1,0,0,0,0,1,0,0,0,0,1,0,0,0,0,1,0,0,0,0,0,0,0,0,0,0,0,0.81,0.9105,0.875
Canine Influenza_9,Canine Influenza,0,0,0,1,0,1,1,0,0,0,0,0,0,0,0,0,0,1,0,0,0,0,1,0,0,0,0,0,0,0,0,0,1,0,0,0,0,0,0,0,0,0,0,0,0.72,0.926,0.75
Canine Influenza_10,Canine Influenza,0,0,0,1,0,1,1,0,0,0,0,0,0,0,0,0,0,1,0,0,0,0,1,0,0,0,0,0,0,0,0,0,1,0,0,0,0,0,0,0,0,0,0,0,0.72,0.926,0.75
Canine Influenza_11,Canine Influenza,0,0,0,1,0,1,0,0,0,0,0,0,0,0,1,0,0,1,0,0,0,0,1,0,0,0,0,0,0,0,0,0,1,0,0,0,0,0,0,0,0,0,0,0,0.72,0.9603,0.75
Canine Influenza_12,Canine Influenza,0,0,0,1,0,1,1,0,0,0,0,0,0,0,0,0,0,1,0,0,0,0,1,0,0,0,0,1,0,0,0,0,1,0,0,0,0,0,0,0,0,0,0,0,0.81,0.9105,0.875
Canine Influenza_13,Canine Influenza,0,0,0,1,0,1,0,0,0,0,0,0,0,0,1,0,0,1,0,0,0,0,1,0,0,0,0,0,0,0,0,0,0,0,0,0,0,0,0,0,0,0,0,0,0.63,0.9538,0.625
Canine Influenza_14,Canine Influenza,0,0,0,1,0,1,1,0,0,0,0,0,0,0,1,0,0,1,0,0,0,0,0,0,0,0,0,1,0,0,0,0,1,0,0,0,0,0,0,0,0,0,0,0,0.81,0.9503,0.875
Canine Influenza_15,Canine Influenza,0,0,0,1,0,1,1,0,0,0,0,0,0,0,1,0,0,1,0,0,0,0,0,0,0,0,0,1,0,0,0,0,1,0,0,0,0,0,0,0,0,0,0,0,0.81,0.9503,0.875
Canine Influenza_16,Canine Influenza,0,0,0,1,0,1,0,0,0,0,0,0,0,0,1,0,0,1,0,0,0,0,1,0,0,0,0,1,0,0,0,0,0,0,0,0,0,0,0,0,0,0,0,0,0.72,0.9362,0.75
Canine Influenza_17,Canine Influenza,0,0,0,1,0,1,1,0,0,0,0,0,0,0,1,0,0,1,0,0,0,0,1,0,0,0,0,1,0,0,0,0,1,0,0,0,0,0,0,0,0,0,0,0,0.9,0.9313,1.0
Canine Influenza_18,Canine Influenza,0,0,0,1,0,1,0,0,0,0,0,0,0,0,1,0,0,1,0,0,0,0,1,0,0,0,0,1,0,0,0,0,1,0,0,0,0,0,0,0,0,0,0,0,0.81,0.9238,0.875
Canine Influenza_19,Canine Influenza,0,0,0,1,0,1,1,0,0,0,0,0,0,0,0,0,0,1,0,0,0,0,1,0,0,0,0,1,0,0,0,0,1,0,0,0,0,0,0,0,0,0,0,0,0.81,0.9105,0.875
Canine Influenza_20,Canine Influenza,0,0,0,1,0,1,1,0,0,0,0,0,0,0,1,0,0,1,0,0,0,0,1,0,0,0,0,1,0,0,0,0,0,0,0,0,0,0,0,0,0,0,0,0,0.81,0.952,0.875
Canine Influenza_21,Canine Influenza,0,0,0,1,0,1,1,0,0,0,0,0,0,0,1,0,0,0,0,0,0,0,1,0,0,0,0,1,0,0,0,0,1,0,0,0,0,0,0,0,0,0,0,0,0.72,0.9062,0.875
Canine Influenza_22,Canine Influenza,0,0,0,1,0,1,1,0,0,0,0,0,0,0,0,0,0,1,0,0,0,0,1,0,0,0,0,0,0,0,0,0,1,0,0,0,0,0,0,0,0,0,0,0,0.72,0.926,0.75
Canine Influenza_23,Canine Influenza,0,0,0,0,0,1,1,0,0,0,0,0,0,0,1,0,0,1,0,0,0,0,1,0,0,0,0,0,0,0,0,0,1,0,0,0,0,0,0,0,0,0,0,0,0.72,0.2587,0.75
Canine Influenza_24,Canine Influenza,0,0,0,1,0,1,0,0,0,0,0,0,0,0,1,0,0,1,0,0,0,0,1,0,0,0,0,0,0,0,0,0,1,0,0,0,0,0,0,0,0,0,0,0,0.72,0.9603,0.75
Canine Influenza_25,Canine Influenza,0,0,0,1,0,1,0,0,0,0,0,0,0,0,1,0,0,1,0,0,0,0,1,0,0,0,0,0,0,0,0,0,1,0,0,0,0,0,0,0,0,0,0,0,0.72,0.9603,0.75
Canine Influenza_26,Canine Influenza,0,0,0,1,0,1,1,0,0,0,0,0,0,0,1,0,0,1,0,0,0,0,0,0,0,0,0,0,0,0,0,0,0,0,0,0,0,0,0,0,0,0,0,0,0.63,0.9604,0.625
Canine Influenza_27,Canine Influenza,0,0,0,1,0,1,0,0,0,0,0,0,0,0,0,0,0,1,0,0,0,0,1,0,0,0,0,0,0,0,0,0,0,0,0,0,0,0,0,0,0,0,0,0,0.54,0.546,0.5
Canine Influenza_28,Canine Influenza,0,0,0,1,0,1,1,0,0,0,0,0,0,0,1,0,0,1,0,0,0,0,1,0,0,0,0,0,0,0,0,0,0,0,0,0,0,0,0,0,0,0,0,0,0.72,0.9673,0.75
Canine Influenza_29,Canine Influenza,0,0,0,1,0,1,0,0,0,0,0,0,0,0,0,0,0,1,0,0,0,0,1,0,0,0,0,0,0,0,0,0,0,0,0,0,0,0,0,0,0,0,0,0,0.54,0.546,0.5
Canine Influenza_30,Canine Influenza,0,0,0,1,0,1,1,0,0,0,0,0,0,0,1,0,0,1,0,0,0,0,1,0,0,0,0,1,0,0,0,0,0,0,0,0,0,0,0,0,0,0,0,0,0.81,0.952,0.875
Kennel Cough_1,Kennel Cough,0,0,0,0,0,1,0,0,0,0,0,0,0,0,1,0,0,1,1,0,0,0,1,0,0,0,0,0,0,0,1,0,0,0,0,0,0,0,0,0,0,0,0,0,0.65,0.9784,0.666666667
Kennel Cough_2,Kennel Cough,0,0,0,0,0,1,0,0,0,0,0,0,0,0,1,0,0,1,0,0,0,0,1,0,0,0,0,0,0,0,1,0,0,0,0,0,0,0,0,0,0,0,0,0,0.57,0.9091,0.555555556
Kennel Cough_3,Kennel Cough,0,0,0,0,0,1,1,0,0,0,0,0,0,0,1,0,0,1,0,0,0,0,1,0,0,0,0,1,0,0,1,0,1,0,0,0,0,0,0,0,0,0,0,0,0.82,0.9384,0.888888889
Kennel Cough_4,Kennel Cough,0,0,0,0,0,1,1,0,0,0,0,0,0,0,0,0,0,0,0,0,0,0,1,0,0,0,0,1,0,0,1,0,1,0,0,0,0,0,0,0,0,0,0,0,0.57,0.9201,0.666666667
Kennel Cough_5,Kennel Cough,0,0,0,0,0,1,1,0,0,0,0,0,0,0,0,0,0,1,0,0,0,0,1,0,0,0,0,1,0,0,1,0,0,0,0,0,0,0,0,0,0,0,0,0,0.65,0.8802,0.666666667
Kennel Cough_6,Kennel Cough,0,0,0,0,0,1,1,0,0,0,0,0,0,0,0,0,0,1,1,0,0,0,1,0,0,0,0,1,0,0,1,0,0,0,0,0,0,0,0,0,0,0,0,0,0.74,0.9721,0.777777778
Kennel Cough_7,Kennel Cough,0,0,0,0,0,1,1,0,0,0,0,0,0,0,0,0,0,1,1,0,0,0,0,0,0,0,0,0,0,0,0,0,1,0,0,0,0,0,0,0,0,0,0,0,0.57,0.9052,0.555555556
Kennel Cough_8,Kennel Cough,0,0,0,0,0,1,1,0,0,0,0,0,0,0,1,0,0,1,1,0,0,0,1,0,0,0,0,0,0,0,0,0,1,0,0,0,0,0,0,0,0,0,0,0,0.74,0.9272,0.777777778
Kennel Cough_9,Kennel Cough,0,0,0,0,0,1,1,0,0,0,0,0,0,0,0,0,0,1,1,0,0,0,1,0,0,0,0,1,0,0,1,0,0,0,0,0,0,0,0,0,0,0,0,0,0.74,0.9721,0.777777778
Kennel Cough_10,Kennel Cough,0,0,0,0,0,1,0,0,0,0,0,0,0,0,1,0,0,1,1,0,0,0,0,0,0,0,0,0,0,0,0,0,1,0,0,0,0,0,0,0,0,0,0,0,0.57,0.9112,0.555555556
Kennel Cough_11,Kennel Cough,0,0,0,0,0,1,0,0,0,0,0,0,0,0,1,0,0,1,1,0,0,0,1,0,0,0,0,1,0,0,1,0,0,0,0,0,0,0,0,0,0,0,0,0,0.74,0.9747,0.777777778
Kennel Cough_12,Kennel Cough,0,0,0,0,0,1,1,0,0,0,0,0,0,0,1,0,0,1,0,0,0,0,1,0,0,0,0,1,0,0,1,0,1,0,0,0,0,0,0,0,0,0,0,0,0.82,0.9384,0.888888889
Kennel Cough_13,Kennel Cough,0,0,0,0,0,1,1,0,0,0,0,0,0,0,1,0,0,1,1,0,0,0,1,0,0,0,0,1,0,0,1,0,1,0,0,0,0,0,0,0,0,0,0,0,0.9,0.9871,1.0
Kennel Cough_14,Kennel Cough,0,0,0,0,0,1,1,0,0,0,0,0,0,0,0,0,0,1,1,0,0,0,1,0,0,0,0,0,0,0,0,0,1,0,0,0,0,0,0,0,0,0,0,0,0.65,0.8537,0.666666667
Kennel Cough_15,Kennel Cough,0,0,0,0,0,1,0,0,0,0,0,0,0,0,1,0,0,1,1,0,0,0,1,0,0,0,0,1,0,0,1,0,1,0,0,0,0,0,0,0,0,0,0,0,0.82,0.9778,0.888888889
Kennel Cough_16,Kennel Cough,0,0,0,0,0,1,1,0,0,0,0,0,0,0,1,0,0,1,1,0,0,0,1,0,0,0,0,0,0,0,1,0,1,0,0,0,0,0,0,0,0,0,0,0,0.82,0.9842,0.888888889
Kennel Cough_17,Kennel Cough,0,0,0,0,0,1,1,0,0,0,0,0,0,0,1,0,0,1,1,0,0,0,1,0,0,0,0,0,0,0,0,0,1,0,0,0,0,0,0,0,0,0,0,0,0.74,0.9272,0.777777778
Kennel Cough_18,Kennel Cough,0,0,0,0,0,1,0,0,0,0,0,0,0,0,1,0,0,1,1,0,0,0,1,0,0,0,0,1,0,0,0,0,1,0,0,0,0,0,0,0,0,0,0,0,0.74,0.9122,0.777777778
Kennel Cough_19,Kennel Cough,0,0,0,0,0,1,1,0,0,0,0,0,0,0,1,0,0,1,1,0,0,0,1,0,0,0,0,1,0,0,1,0,1,0,0,0,0,0,0,0,0,0,0,0,0.9,0.9871,1.0
Kennel Cough_20,Kennel Cough,0,0,0,0,0,1,0,0,0,0,0,0,0,0,0,0,0,1,0,0,0,0,1,0,0,0,0,1,0,0,0,0,0,0,0,0,0,0,0,0,0,0,0,0,0.49,0.0255,0.444444444
Kennel Cough_21,Kennel Cough,0,0,0,0,0,1,0,0,0,0,0,0,0,0,0,0,0,1,0,0,0,0,1,0,0,0,0,0,0,0,1,0,0,0,0,0,0,0,0,0,0,0,0,0,0.49,0.8509,0.444444444
Kennel Cough_22,Kennel Cough,0,0,0,0,0,1,0,0,0,0,0,0,0,0,1,0,0,1,1,0,0,0,1,0,0,0,0,0,0,0,1,0,1,0,0,0,0,0,0,0,0,0,0,0,0.74,0.9821,0.777777778
Kennel Cough_23,Kennel Cough,0,0,0,0,0,1,1,0,0,0,0,0,0,0,1,0,0,1,1,0,0,0,1,0,0,0,0,0,0,0,1,0,1,0,0,0,0,0,0,0,0,0,0,0,0.82,0.9842,0.888888889
Kennel Cough_24,Kennel Cough,0,0,0,0,0,1,0,0,0,0,0,0,0,0,1,0,0,1,1,0,0,0,1,0,0,0,0,1,0,0,0,0,1,0,0,0,0,0,0,0,0,0,0,0,0.74,0.9122,0.777777778
Kennel Cough_25,Kennel Cough,0,0,0,0,0,1,1,0,0,0,0,0,0,0,1,0,0,1,1,0,0,0,0,0,0,0,0,1,0,0,1,0,1,0,0,0,0,0,0,0,0,0,0,0,0.82,0.9865,0.888888889
Kennel Cough_26,Kennel Cough,0,0,0,0,0,1,1,0,0,0,0,0,0,0,1,0,0,1,1,0,0,0,1,0,0,0,0,1,0,0,1,0,0,0,0,0,0,0,0,0,0,0,0,0,0.82,0.9858,0.888888889
Kennel Cough_27,Kennel Cough,0,0,0,0,0,1,1,0,0,0,0,0,0,0,0,0,0,1,1,0,0,0,1,0,0,0,0,1,0,0,0,0,1,0,0,0,0,0,0,0,0,0,0,0,0.74,0.8764,0.777777778
Kennel Cough_28,Kennel Cough,0,0,0,0,0,1,1,0,0,0,0,0,0,0,1,0,0,1,0,0,0,0,1,0,0,0,0,1,0,0,1,0,1,0,0,0,0,0,0,0,0,0,0,0,0.82,0.9384,0.888888889
Kennel Cough_29,Kennel Cough,0,0,0,0,0,1,1,0,0,0,0,0,0,0,1,0,0,1,0,0,0,0,1,0,0,0,0,0,0,0,1,0,0,0,0,0,0,0,0,0,0,0,0,0,0.65,0.9448,0.666666667
Kennel Cough_30,Kennel Cough,0,0,0,0,0,1,1,0,0,0,0,0,0,0,1,0,0,1,0,0,0,0,1,0,0,0,0,1,0,0,0,0,1,0,0,0,0,0,0,0,0,0,0,0,0.74,0.1139,0.777777778
Canine Parvovirus_1,Canine Parvovirus,0,0,0,0,0,0,0,0,1,1,0,0,0,0,0,0,0,1,0,0,0,0,1,0,1,0,0,0,0,0,0,0,0,0,0,0,0,0,0,1,0,0,0,0,0.75,0.7249,0.75
Canine Parvovirus_2,Canine Parvovirus,1,0,0,0,0,0,0,1,0,1,0,0,0,0,0,0,0,1,0,0,0,0,1,0,1,0,0,0,0,0,0,0,0,0,0,0,0,0,0,1,0,0,0,0,0.82,0.7765,0.875
Canine Parvovirus_3,Canine Parvovirus,1,0,0,0,0,0,0,0,1,1,0,0,0,0,0,0,0,1,0,0,0,0,1,0,1,0,0,0,0,0,0,0,0,0,0,0,0,0,0,1,0,0,0,0,0.82,0.729,0.875
Canine Parvovirus_4,Canine Parvovirus,0,0,0,0,0,0,0,1,1,1,0,0,0,0,0,0,0,1,0,0,0,0,1,0,1,0,0,0,0,0,0,0,0,0,0,0,0,0,0,1,0,0,0,0,0.82,0.9184,0.875
Canine Parvovirus_5,Canine Parvovirus,0,0,0,0,0,0,0,1,1,1,0,0,0,0,0,0,0,0,0,0,0,0,1,0,1,0,0,0,0,0,0,0,0,0,0,0,0,0,0,1,0,0,0,0,0.67,0.6954,0.75
Canine Parvovirus_6,Canine Parvovirus,1,0,0,0,0,0,0,1,0,1,0,0,0,0,0,0,0,1,0,0,0,0,1,0,1,0,0,0,0,0,0,0,0,0,0,0,0,0,0,1,0,0,0,0,0.82,0.7765,0.875
Canine Parvovirus_7,Canine Parvovirus,1,0,0,0,0,0,0,1,1,1,0,0,0,0,0,0,0,1,0,0,0,0,0,0,1,0,0,0,0,0,0,0,0,0,0,0,0,0,0,1,0,0,0,0,0.82,0.9346,0.875
Canine Parvovirus_8,Canine Parvovirus,1,0,0,0,0,0,0,1,0,1,0,0,0,0,0,0,0,1,0,0,0,0,1,0,1,0,0,0,0,0,0,0,0,0,0,0,0,0,0,1,0,0,0,0,0.82,0.7765,0.875
Canine Parvovirus_9,Canine Parvovirus,0,0,0,0,0,0,0,1,1,1,0,0,0,0,0,0,0,1,0,0,0,0,0,0,0,0,0,0,0,0,0,0,0,0,0,0,0,0,0,1,0,0,0,0,0.6,0.8183,0.625
Canine Parvovirus_10,Canine Parvovirus,0,0,0,0,0,0,0,0,0,1,0,0,0,0,0,0,0,1,0,0,0,0,0,0,1,0,0,0,0,0,0,0,0,0,0,0,0,0,0,1,0,0,0,0,0.6,0.1926,0.5
Canine Parvovirus_11,Canine Parvovirus,1,0,0,0,0,0,0,1,0,1,0,0,0,0,0,0,0,1,0,0,0,0,1,0,1,0,0,0,0,0,0,0,0,0,0,0,0,0,0,1,0,0,0,0,0.82,0.7765,0.875
Canine Parvovirus_12,Canine Parvovirus,0,0,0,0,0,0,0,1,0,1,0,0,0,0,0,0,0,1,0,0,0,0,1,0,1,0,0,0,0,0,0,0,0,0,0,0,0,0,0,1,0,0,0,0,0.75,0.6296,0.75
Canine Parvovirus_13,Canine Parvovirus,0,0,0,0,0,0,0,0,1,1,0,0,0,0,0,0,0,1,0,0,0,0,0,0,1,0,0,0,0,0,0,0,0,0,0,0,0,0,0,1,0,0,0,0,0.67,0.8013,0.625
Canine Parvovirus_14,Canine Parvovirus,0,0,0,0,0,0,0,1,1,1,0,0,0,0,0,0,0,1,0,0,0,0,1,0,1,0,0,0,0,0,0,0,0,0,0,0,0,0,0,1,0,0,0,0,0.82,0.9184,0.875
Canine Parvovirus_15,Canine Parvovirus,1,0,0,0,0,0,0,1,1,1,0,0,0,0,0,0,0,1,0,0,0,0,1,0,1,0,0,0,0,0,0,0,0,0,0,0,0,0,0,1,0,0,0,0,0.9,0.9531,1.0
Canine Parvovirus_16,Canine Parvovirus,0,0,0,0,0,0,0,1,0,1,0,0,0,0,0,0,0,1,0,0,0,0,0,0,1,0,0,0,0,0,0,0,0,0,0,0,0,0,0,1,0,0,0,0,0.67,0.6127,0.625
Canine Parvovirus_17,Canine Parvovirus,1,0,0,0,0,0,0,1,1,1,0,0,0,0,0,0,0,1,0,0,0,0,1,0,1,0,0,0,0,0,0,0,0,0,0,0,0,0,0,1,0,0,0,0,0.9,0.9531,1.0
Canine Parvovirus_18,Canine Parvovirus,1,0,0,0,0,0,0,0,0,1,0,0,0,0,0,0,0,1,0,0,0,0,1,0,1,0,0,0,0,0,0,0,0,0,0,0,0,0,0,1,0,0,0,0,0.75,0.1434,0.75
Canine Parvovirus_19,Canine Parvovirus,1,0,0,0,0,0,0,1,0,1,0,0,0,0,0,0,0,1,0,0,0,0,1,0,1,0,0,0,0,0,0,0,0,0,0,0,0,0,0,1,0,0,0,0,0.82,0.7765,0.875
Canine Parvovirus_20,Canine Parvovirus,1,0,0,0,0,0,0,0,0,1,0,0,0,0,0,0,0,1,0,0,0,0,0,0,1,0,0,0,0,0,0,0,0,0,0,0,0,0,0,1,0,0,0,0,0.67,0.0731,0.625
Canine Parvovirus_21,Canine Parvovirus,0,0,0,0,0,0,0,0,1,1,0,0,0,0,0,0,0,1,0,0,0,0,0,0,1,0,0,0,0,0,0,0,0,0,0,0,0,0,0,1,0,0,0,0,0.67,0.8013,0.625
Canine Parvovirus_22,Canine Parvovirus,1,0,0,0,0,0,0,1,0,1,0,0,0,0,0,0,0,1,0,0,0,0,1,0,1,0,0,0,0,0,0,0,0,0,0,0,0,0,0,1,0,0,0,0,0.82,0.7765,0.875
Canine Parvovirus_23,Canine Parvovirus,1,0,0,0,0,0,0,1,0,1,0,0,0,0,0,0,0,1,0,0,0,0,1,0,1,0,0,0,0,0,0,0,0,0,0,0,0,0,0,1,0,0,0,0,0.82,0.7765,0.875
Canine Parvovirus_24,Canine Parvovirus,1,0,0,0,0,0,0,0,1,1,0,0,0,0,0,0,0,1,0,0,0,0,0,0,1,0,0,0,0,0,0,0,0,0,0,0,0,0,0,1,0,0,0,0,0.75,0.6517,0.75
Canine Parvovirus_25,Canine Parvovirus,0,0,0,0,0,0,0,1,0,1,0,0,0,0,0,0,0,1,0,0,0,0,1,0,1,0,0,0,0,0,0,0,0,0,0,0,0,0,0,1,0,0,0,0,0.75,0.6296,0.75
Canine Parvovirus_26,Canine Parvovirus,0,0,0,0,0,0,0,0,0,1,0,0,0,0,0,0,0,1,0,0,0,0,1,0,1,0,0,0,0,0,0,0,0,0,0,0,0,0,0,1,0,0,0,0,0.67,0.1626,0.625
Canine Parvovirus_27,Canine Parvovirus,1,0,0,0,0,0,0,0,0,1,0,0,0,0,0,0,0,1,0,0,0,0,1,0,1,0,0,0,0,0,0,0,0,0,0,0,0,0,0,1,0,0,0,0,0.75,0.1434,0.75
Canine Parvovirus_28,Canine Parvovirus,1,0,0,0,0,0,0,1,0,1,0,0,0,0,0,0,0,1,0,0,0,0,1,0,1,0,0,0,0,0,0,0,0,0,0,0,0,0,0,1,0,0,0,0,0.82,0.7765,0.875
Canine Parvovirus_29,Canine Parvovirus,0,0,0,0,0,0,0,1,0,1,0,0,0,0,0,0,0,1,0,0,0,0,1,0,1,0,0,0,0,0,0,0,0,0,0,0,0,0,0,1,0,0,0,0,0.75,0.6296,0.75
Canine Parvovirus_30,Canine Parvovirus,0,0,0,0,0,0,0,0,1,1,0,0,0,0,0,0,0,1,0,0,0,0,0,0,1,0,0,0,0,0,0,0,0,0,0,0,0,0,0,1,0,0,0,0,0.67,0.8013,0.625
Rabies_1,Rabies,0,1,1,0,1,0,1,0,0,0,0,1,0,1,0,0,1,1,0,0,1,0,1,1,0,1,0,0,0,0,0,1,0,1,0,1,0,0,1,0,0,0,0,0,0.77,0.9916,0.842105263
Rabies_2,Rabies,0,1,0,0,1,0,1,0,0,0,0,1,0,1,0,0,0,1,0,0,1,0,0,1,0,1,0,0,0,0,0,1,0,1,0,1,0,0,1,1,0,0,0,0,0.74,0.9921,0.736842105
Rabies_3,Rabies,0,1,0,0,1,0,1,0,0,0,0,1,0,1,0,0,1,1,0,0,1,0,1,1,0,1,0,0,0,1,0,1,0,0,0,1,0,0,1,1,1,0,0,0,0.84,0.9925,0.894736842
Rabies_4,Rabies,0,0,1,0,1,0,0,0,0,0,0,0,0,1,0,0,1,0,0,0,1,0,0,0,0,1,0,0,0,0,0,1,0,0,0,1,0,0,0,1,1,0,0,0,0.58,0.9767,0.526315789
Rabies_5,Rabies,0,1,1,0,1,0,0,0,0,0,0,1,0,1,0,0,1,1,0,0,1,0,1,1,0,1,0,0,0,0,0,1,0,1,0,1,0,0,1,1,0,0,0,0,0.81,0.9915,0.842105263
Rabies_6,Rabies,0,1,0,0,1,0,1,0,0,0,0,1,0,1,0,0,1,1,0,0,1,0,1,1,0,1,0,0,0,1,0,1,0,1,0,1,0,0,0,0,0,0,0,0,0.74,0.9917,0.789473684
Rabies_7,Rabies,0,1,1,0,1,0,1,0,0,0,0,1,0,1,0,0,1,1,0,0,1,0,1,0,0,1,0,0,0,1,0,1,0,0,0,1,0,0,1,1,1,0,0,0,0.84,0.9927,0.894736842
Rabies_8,Rabies,0,1,0,0,1,0,0,0,0,0,0,1,0,1,0,0,0,1,0,0,1,0,0,0,0,1,0,0,0,0,0,1,0,0,0,0,0,0,1,1,0,0,0,0,0.54,0.978,0.526315789
Rabies_9,Rabies,0,1,1,0,1,0,1,0,0,0,0,1,0,1,0,0,1,1,0,0,1,0,1,1,0,1,0,0,0,0,0,1,0,0,0,1,0,0,0,1,1,0,0,0,0.81,0.9925,0.842105263
Rabies_10,Rabies,0,1,0,0,1,0,1,0,0,0,0,1,0,1,0,0,0,1,0,0,1,0,1,1,0,1,0,0,0,1,0,1,0,1,0,1,0,0,0,1,0,0,0,0,0.77,0.9915,0.789473684
Rabies_11,Rabies,0,1,1,0,1,0,0,0,0,0,0,1,0,1,0,0,0,1,0,0,1,0,0,1,0,1,0,0,0,0,0,1,0,1,0,1,0,0,0,0,0,0,0,0,0.65,0.9914,0.631578947
Rabies_12,Rabies,0,1,1,0,1,0,1,0,0,0,0,1,0,1,0,0,1,1,0,0,1,0,1,0,0,1,0,0,0,0,0,1,0,0,0,1,0,0,1,0,0,0,0,0,0.71,0.9924,0.736842105
Rabies_13,Rabies,0,1,1,0,1,0,1,0,0,0,0,1,0,1,0,0,0,1,0,0,1,0,1,1,0,1,0,0,0,0,0,1,0,1,0,1,0,0,1,1,0,0,0,0,0.81,0.9917,0.842105263
Rabies_14,Rabies,0,1,1,0,1,0,0,0,0,0,0,1,0,1,0,0,1,1,0,0,1,0,0,1,0,1,0,0,0,1,0,1,0,0,0,1,0,0,1,1,0,0,0,0,0.77,0.9887,0.789473684
Rabies_15,Rabies,0,1,0,0,1,0,1,0,0,0,0,1,0,1,0,0,1,1,0,0,1,0,0,1,0,1,0,0,0,0,0,1,0,1,0,1,0,0,1,0,0,0,0,0,0.71,0.9911,0.736842105
Rabies_16,Rabies,0,1,0,0,1,0,1,0,0,0,0,1,0,1,0,0,1,1,0,0,1,0,1,1,0,1,0,0,0,0,0,1,0,0,0,1,0,0,0,0,0,0,0,0,0.68,0.9918,0.684210526
Rabies_17,Rabies,0,1,1,0,1,0,1,0,0,0,0,1,0,1,0,0,0,1,0,0,1,0,0,1,0,1,0,0,0,1,0,1,0,0,0,1,0,0,1,1,1,0,0,0,0.81,0.9721,0.842105263
Rabies_18,Rabies,0,1,0,0,1,0,1,0,0,0,0,1,0,1,0,0,0,1,0,0,1,0,0,1,0,1,0,0,0,1,0,1,0,1,0,1,0,0,0,1,1,0,0,0,0.77,0.9925,0.789473684
Rabies_19,Rabies,0,1,0,0,1,0,0,0,0,0,0,0,0,1,0,0,1,1,0,0,1,0,1,1,0,1,0,0,0,1,0,1,0,1,0,1,0,0,0,0,0,0,0,0,0.68,0.9862,0.684210526
Rabies_20,Rabies,0,0,1,0,1,0,0,0,0,0,0,1,0,1,0,0,1,1,0,0,1,0,0,1,0,1,0,0,0,0,0,1,0,1,0,1,0,0,1,1,0,0,0,0,0.74,0.9886,0.736842105
Rabies_21,Rabies,0,1,0,0,1,0,1,0,0,0,0,1,0,1,0,0,1,1,0,0,1,0,1,1,0,1,0,0,0,1,0,1,0,1,0,1,0,0,0,1,1,0,0,0,0.84,0.9921,0.894736842
Rabies_22,Rabies,0,1,1,0,1,0,0,0,0,0,0,1,0,1,0,0,0,1,0,0,1,0,1,1,0,1,0,0,0,0,0,1,0,1,0,1,0,0,0,1,1,0,0,0,0.77,0.9908,0.789473684
Rabies_23,Rabies,0,1,1,0,1,0,1,0,0,0,0,1,0,1,0,0,1,1,0,0,1,0,0,1,0,1,0,0,0,0,0,1,0,1,0,1,0,0,0,0,1,0,0,0,0.74,0.9918,0.789473684
Rabies_24,Rabies,0,1,1,0,1,0,0,0,0,0,0,0,0,1,0,0,0,1,0,0,1,0,0,1,0,1,0,0,0,1,0,1,0,1,0,1,0,0,1,1,1,0,0,0,0.77,0.9802,0.789473684
Rabies_25,Rabies,0,1,0,0,1,0,1,0,0,0,0,1,0,1,0,0,1,1,0,0,1,0,0,1,0,1,0,0,0,1,0,1,0,1,0,1,0,0,0,1,1,0,0,0,0.81,0.9919,0.842105263
Rabies_26,Rabies,0,1,1,0,1,0,1,0,0,0,0,1,0,1,0,0,1,1,0,0,1,0,0,1,0,1,0,0,0,0,0,1,0,1,0,0,0,0,1,1,0,0,0,0,0.69,0.992,0.789473684
Rabies_27,Rabies,0,1,0,0,1,0,1,0,0,0,0,1,0,0,0,0,0,1,0,0,1,0,1,0,0,1,0,0,0,0,0,1,0,1,0,1,0,0,1,1,0,0,0,0,0.71,0.9891,0.684210526
Rabies_28,Rabies,0,1,1,0,1,0,1,0,0,0,0,1,0,1,0,0,1,1,0,0,1,0,1,1,0,1,0,0,0,0,0,1,0,1,0,1,0,0,1,0,0,0,0,0,0.77,0.9916,0.842105263
Rabies_29,Rabies,0,1,1,0,1,0,1,0,0,0,0,1,0,1,0,0,1,1,0,0,1,0,1,1,0,1,0,0,0,1,0,1,0,0,0,1,0,0,0,0,0,0,0,0,0.74,0.9917,0.789473684
Rabies_30,Rabies,0,1,0,0,1,0,1,0,0,0,0,1,0,1,0,0,0,1,0,0,1,0,1,1,0,1,0,0,0,0,0,1,0,1,0,1,0,0,0,1,1,0,0,0,0.77,0.992,0.789473684
Rabies_31,Rabies,0,1,0,0,1,0,1,0,0,0,0,1,0,1,0,0,1,1,0,0,1,0,1,1,0,1,0,0,0,0,0,1,0,0,0,1,0,0,1,0,0,0,0,0,0.71,0.9918,0.736842105
Rabies_32,Rabies,0,1,1,0,1,0,1,0,0,0,0,0,0,1,0,0,1,1,0,0,1,0,0,1,0,1,0,0,0,1,0,1,0,1,0,1,0,0,1,1,1,0,0,0,0.84,0.9888,0.894736842
Rabies_33,Rabies,0,1,0,0,1,0,1,0,0,0,0,1,0,1,0,0,1,1,0,0,1,0,1,1,0,1,0,0,0,1,0,1,0,1,0,1,0,0,0,0,1,0,0,0,0.77,0.9922,0.842105263
Rabies_34,Rabies,0,1,0,0,0,0,1,0,0,0,0,1,0,1,0,0,0,1,0,0,1,0,0,0,0,1,0,0,0,1,0,1,0,1,0,1,0,0,0,1,1,0,0,0,0.71,0.9911,0.684210526
Rabies_35,Rabies,0,1,0,0,1,0,1,0,0,0,0,1,0,1,0,0,1,1,0,0,1,0,0,0,0,1,0,0,0,0,0,1,0,0,0,1,0,0,1,1,1,0,0,0,0.74,0.9899,0.736842105
Rabies_36,Rabies,0,1,1,0,1,0,0,0,0,0,0,1,0,1,0,0,1,1,0,0,1,0,1,1,0,1,0,0,0,0,0,1,0,0,0,1,0,0,0,0,1,0,0,0,0.71,0.9917,0.736842105
Rabies_37,Rabies,0,1,0,0,1,0,1,0,0,0,0,1,0,1,0,0,1,1,0,0,1,0,0,1,0,1,0,0,0,1,0,1,0,1,0,1,0,0,0,1,1,0,0,0,0.81,0.9919,0.842105263
Rabies_38,Rabies,0,1,1,0,1,0,1,0,0,0,0,1,0,1,0,0,0,1,0,0,1,0,1,0,0,1,0,0,0,0,0,1,0,1,0,1,0,0,1,0,0,0,0,0,0.71,0.9902,0.736842105
Rabies_39,Rabies,0,1,0,0,1,0,1,0,0,0,0,1,0,1,0,0,1,1,0,0,1,0,0,1,0,1,0,0,0,0,0,1,0,0,0,1,0,0,0,0,1,0,0,0,0.68,0.9885,0.684210526
Rabies_40,Rabies,0,1,0,0,1,0,0,0,0,0,0,1,0,1,0,0,1,1,0,0,1,0,1,1,0,1,0,0,0,1,0,1,0,0,0,1,0,0,1,1,1,0,0,0,0.81,0.9921,0.842105263
Rabies_41,Rabies,0,1,0,0,1,0,1,0,0,0,0,1,0,1,0,0,0,1,0,0,1,0,1,1,0,1,0,0,0,1,0,1,0,1,0,1,0,0,1,0,0,0,0,0,0.74,0.9913,0.789473684
Rabies_42,Rabies,0,1,0,0,1,0,1,0,0,0,0,1,0,1,0,0,0,1,0,0,1,0,1,1,0,1,0,0,0,1,0,1,0,0,0,1,0,0,0,1,1,0,0,0,0.77,0.9765,0.789473684
Rabies_43,Rabies,0,1,0,0,1,0,1,0,0,0,0,1,0,1,0,0,0,1,0,0,1,0,1,1,0,1,0,0,0,1,0,1,0,1,0,1,0,0,1,1,1,0,0,0,0.84,0.9924,0.894736842
Rabies_44,Rabies,0,1,0,0,1,0,1,0,0,0,0,1,0,1,0,0,1,1,0,0,1,0,0,0,0,1,0,0,0,0,0,1,0,0,0,1,0,0,1,0,1,0,0,0,0.68,0.9896,0.684210526
Rabies_45,Rabies,0,1,1,0,1,0,1,0,0,0,0,1,0,1,0,0,1,1,0,0,1,0,1,0,0,1,0,0,0,1,0,1,0,0,0,1,0,0,1,1,0,0,0,0,0.81,0.9923,0.842105263
Rabies_46,Rabies,0,1,0,0,1,0,1,0,0,0,0,1,0,1,0,0,1,1,0,0,1,0,1,0,0,1,0,0,0,1,0,1,0,0,0,1,0,0,0,0,0,0,0,0,0.68,0.9921,0.684210526
Rabies_47,Rabies,0,1,1,0,1,0,1,0,0,0,0,1,0,1,0,0,1,1,0,0,1,0,1,1,0,1,0,0,0,1,0,1,0,1,0,1,0,0,0,1,1,0,0,0,0.87,0.9923,0.947368421
Rabies_48,Rabies,0,1,1,0,1,0,1,0,0,0,0,1,0,1,0,0,0,1,0,0,1,0,1,1,0,1,0,0,0,0,0,1,0,1,0,1,0,0,0,1,0,0,0,0,0.77,0.9914,0.789473684
Rabies_49,Rabies,0,1,0,0,1,0,0,0,0,0,0,1,0,1,0,0,0,1,0,0,1,0,0,1,0,1,0,0,0,1,0,1,0,0,0,1,0,0,1,0,0,0,0,0,0.65,0.972,0.631578947
Rabies_50,Rabies,0,1,1,0,1,0,1,0,0,0,0,1,0,1,0,0,1,1,0,0,1,0,0,1,0,1,0,0,0,1,0,1,0,1,0,1,0,0,0,1,0,0,0,0,0.81,0.9916,0.842105263
Canine Minute Virus_1,Canine Minute Virus,1,0,0,1,0,0,0,0,0,1,0,0,0,0,0,0,0,1,0,0,0,0,1,0,1,0,0,0,0,0,0,0,0,0,0,0,0,0,0,1,0,0,0,0,0.71,0.5542,0.7
Canine Minute Virus_2,Canine Minute Virus,1,0,0,1,0,0,0,0,0,1,0,0,0,0,0,0,0,1,0,1,0,0,1,0,1,0,0,0,0,0,0,0,0,0,0,0,0,0,0,1,0,0,0,0,0.77,0.9618,0.8
Canine Minute Virus_3,Canine Minute Virus,0,0,0,1,0,0,0,0,0,1,0,0,0,0,0,0,0,1,0,1,0,0,1,0,0,0,0,0,0,0,0,0,0,0,0,0,0,0,0,1,0,0,0,0,0.58,0.8939,0.6
Canine Minute Virus_4,Canine Minute Virus,0,0,0,1,0,0,0,1,0,1,0,0,0,0,0,0,0,1,0,1,0,0,1,0,1,0,0,0,0,0,0,0,0,0,0,0,0,0,0,1,0,0,0,0,0.77,0.9887,0.8
Canine Minute Virus_5,Canine Minute Virus,0,0,0,1,0,0,0,1,0,1,0,0,0,0,0,0,0,1,0,0,0,0,1,0,1,0,0,0,0,0,0,0,0,0,0,0,0,0,0,1,0,0,0,0,0.71,0.9358,0.7
Canine Minute Virus_6,Canine Minute Virus,1,0,0,0,0,0,0,1,0,1,0,0,0,0,0,0,0,1,0,1,0,0,1,0,1,0,0,0,0,0,0,0,0,0,0,0,0,0,0,1,0,0,0,0,0.77,0.806,0.8
Canine Minute Virus_7,Canine Minute Virus,1,0,0,1,0,0,0,0,0,1,0,0,0,0,0,0,0,1,0,1,0,0,1,0,1,0,0,0,0,0,0,0,0,0,0,0,0,0,0,1,0,1,0,0,0.84,0.9812,0.9
Canine Minute Virus_8,Canine Minute Virus,1,0,0,1,0,0,0,1,0,1,0,0,0,0,0,0,0,1,0,0,0,0,1,0,1,0,0,0,0,0,0,0,0,0,0,0,0,0,0,1,0,0,0,0,0.77,0.9385,0.8
Canine Minute Virus_9,Canine Minute Virus,0,0,0,1,0,0,0,1,0,1,0,0,0,0,0,0,0,1,0,1,0,0,1,0,1,0,0,0,0,0,0,0,0,0,0,0,0,0,0,1,0,1,0,0,0.84,0.9878,0.9
Canine Minute Virus_10,Canine Minute Virus,1,0,0,1,0,0,0,1,0,1,0,0,0,0,0,0,0,1,0,1,0,0,1,0,1,0,0,0,0,0,0,0,0,0,0,0,0,0,0,1,0,0,0,0,0.84,0.9899,0.9
Canine Minute Virus_11,Canine Minute Virus,1,0,0,0,0,0,0,1,0,1,0,0,0,0,0,0,0,1,0,1,0,0,1,0,1,0,0,0,0,0,0,0,0,0,0,0,0,0,0,1,0,0,0,0,0.77,0.806,0.8
Canine Minute Virus_12,Canine Minute Virus,1,0,0,0,0,0,0,0,0,1,0,0,0,0,0,0,0,1,0,1,0,0,1,0,1,0,0,0,0,0,0,0,0,0,0,0,0,0,0,1,0,1,0,0,0.77,0.9533,0.8
Canine Minute Virus_13,Canine Minute Virus,1,0,0,1,0,0,0,1,0,1,0,0,0,0,0,0,0,1,0,0,0,0,1,0,0,0,0,0,0,0,0,0,0,0,0,0,0,0,0,1,0,1,0,0,0.71,0.9462,0.8
Canine Minute Virus_14,Canine Minute Virus,0,0,0,0,0,0,0,1,0,1,0,0,0,0,0,0,0,1,0,0,0,0,1,0,1,0,0,0,0,0,0,0,0,0,0,0,0,0,0,1,0,0,0,0,0.64,0.0852,0.6
Canine Minute Virus_15,Canine Minute Virus,1,0,0,1,0,0,0,1,0,1,0,0,0,0,0,0,0,1,0,1,0,0,1,0,1,0,0,0,0,0,0,0,0,0,0,0,0,0,0,1,0,1,0,0,0.9,0.9921,1.0
Canine Minute Virus_16,Canine Minute Virus,1,0,0,1,0,0,0,1,0,1,0,0,0,0,0,0,0,1,0,1,0,0,0,0,1,0,0,0,0,0,0,0,0,0,0,0,0,0,0,1,0,1,0,0,0.84,0.9777,0.9
Canine Minute Virus_17,Canine Minute Virus,1,0,0,0,0,0,0,1,0,1,0,0,0,0,0,0,0,1,0,1,0,0,1,0,1,0,0,0,0,0,0,0,0,0,0,0,0,0,0,1,0,1,0,0,0.84,0.9182,0.9
Canine Minute Virus_18,Canine Minute Virus,1,0,0,1,0,0,0,0,0,1,0,0,0,0,0,0,0,1,0,1,0,0,1,0,1,0,0,0,0,0,0,0,0,0,0,0,0,0,0,1,0,1,0,0,0.84,0.9812,0.9
Canine Minute Virus_19,Canine Minute Virus,0,0,0,1,0,0,0,0,0,1,0,0,0,0,0,0,0,1,0,1,0,0,1,0,1,0,0,0,0,0,0,0,0,0,0,0,0,0,0,1,0,1,0,0,0.77,0.962,0.8
Canine Minute Virus_20,Canine Minute Virus,1,0,0,1,0,0,0,0,0,1,0,0,0,0,0,0,0,1,0,1,0,0,1,0,1,0,0,0,0,0,0,0,0,0,0,0,0,0,0,1,0,0,0,0,0.77,0.9618,0.8
Canine Minute Virus_21,Canine Minute Virus,1,0,0,0,0,0,0,0,0,1,0,0,0,0,0,0,0,1,0,0,0,0,1,0,1,0,0,0,0,0,0,0,0,0,0,0,0,0,0,1,0,1,0,0,0.71,0.4979,0.7
Canine Minute Virus_22,Canine Minute Virus,1,0,0,1,0,0,0,1,0,1,0,0,0,0,0,0,0,1,0,0,0,0,1,0,1,0,0,0,0,0,0,0,0,0,0,0,0,0,0,1,0,1,0,0,0.84,0.9797,0.9
Canine Minute Virus_23,Canine Minute Virus,1,0,0,1,0,0,0,1,0,1,0,0,0,0,0,0,0,1,0,1,0,0,1,0,1,0,0,0,0,0,0,0,0,0,0,0,0,0,0,1,0,1,0,0,0.9,0.9921,1.0
Canine Minute Virus_24,Canine Minute Virus,1,0,0,1,0,0,0,0,0,1,0,0,0,0,0,0,0,1,0,1,0,0,1,0,1,0,0,0,0,0,0,0,0,0,0,0,0,0,0,1,0,1,0,0,0.84,0.9812,0.9
Canine Minute Virus_25,Canine Minute Virus,1,0,0,0,0,0,0,1,0,1,0,0,0,0,0,0,0,1,0,0,0,0,1,0,1,0,0,0,0,0,0,0,0,0,0,0,0,0,0,1,0,1,0,0,0.77,0.5925,0.8
Canine Minute Virus_26,Canine Minute Virus,0,0,0,0,0,0,0,1,0,1,0,0,0,0,0,0,0,1,0,1,0,0,1,0,1,0,0,0,0,0,0,0,0,0,0,0,0,0,0,1,0,0,0,0,0.71,0.8093,0.7
Canine Minute Virus_27,Canine Minute Virus,1,0,0,0,0,0,0,1,0,1,0,0,0,0,0,0,0,1,0,1,0,0,1,0,1,0,0,0,0,0,0,0,0,0,0,0,0,0,0,1,0,0,0,0,0.77,0.806,0.8
Canine Minute Virus_28,Canine Minute Virus,0,0,0,1,0,0,0,1,0,1,0,0,0,0,0,0,0,1,0,0,0,0,1,0,1,0,0,0,0,0,0,0,0,0,0,0,0,0,0,1,0,1,0,0,0.77,0.9614,0.8
Canine Minute Virus_29,Canine Minute Virus,1,0,0,1,0,0,0,1,0,1,0,0,0,0,0,0,0,1,0,0,0,0,1,0,1,0,0,0,0,0,0,0,0,0,0,0,0,0,0,1,0,0,0,0,0.77,0.9385,0.8
Canine Minute Virus_30,Canine Minute Virus,1,0,0,0,0,0,0,0,0,1,0,0,0,0,0,0,0,1,0,1,0,0,1,0,1,0,0,0,0,0,0,0,0,0,0,0,0,0,0,1,0,1,0,0,0.77,0.9533,0.8
Infectious Canine Hepatitis_1,Infectious Canine Hepatitis,0,0,0,0,0,1,0,0,1,1,0,0,0,0,0,0,0,1,0,0,0,1,1,0,0,0,0,1,1,0,0,1,0,0,1,0,1,1,0,1,0,0,0,1,0.72,0.986,0.736842105
Infectious Canine Hepatitis_2,Infectious Canine Hepatitis,0,0,0,0,0,1,0,0,1,1,0,0,0,0,0,0,0,1,0,0,0,0,1,0,0,0,0,1,0,0,0,1,0,0,1,0,1,1,0,1,0,0,1,0,0.65,0.9178,0.631578947
Infectious Canine Hepatitis_3,Infectious Canine Hepatitis,1,0,0,0,0,1,0,0,1,1,0,0,0,0,1,1,0,1,0,0,0,0,1,0,0,0,0,1,0,0,0,1,0,0,1,0,1,1,0,1,0,0,0,0,0.72,0.975,0.736842105
Infectious Canine Hepatitis_4,Infectious Canine Hepatitis,1,0,0,0,0,1,0,1,0,1,0,0,0,0,0,1,0,1,0,0,0,0,1,0,0,0,0,0,1,0,0,1,0,0,1,0,1,0,0,1,0,0,1,0,0.69,0.987,0.684210526
Infectious Canine Hepatitis_5,Infectious Canine Hepatitis,0,0,0,0,0,1,0,1,0,1,0,0,0,0,0,1,0,1,0,0,0,1,1,0,0,0,0,1,1,0,0,1,0,0,1,0,1,1,0,1,0,0,1,1,0.79,0.9938,0.842105263
Infectious Canine Hepatitis_6,Infectious Canine Hepatitis,0,0,0,0,0,1,0,1,1,1,0,0,0,0,1,0,0,0,0,0,0,1,1,0,0,0,0,0,1,0,0,1,0,0,0,0,0,0,0,1,0,0,1,0,0.58,0.9756,0.578947368
Infectious Canine Hepatitis_7,Infectious Canine Hepatitis,1,0,0,0,0,1,0,1,1,1,0,0,0,0,1,1,0,0,0,0,0,1,0,0,0,0,0,1,1,0,0,1,0,0,1,0,1,1,0,1,0,0,1,1,0.79,0.9957,0.894736842
Infectious Canine Hepatitis_8,Infectious Canine Hepatitis,1,0,0,0,0,1,0,1,0,1,0,0,0,0,1,0,0,1,0,0,0,0,1,0,0,0,0,1,1,0,0,1,0,0,1,0,1,0,0,1,0,0,0,0,0.69,0.9802,0.684210526
Infectious Canine Hepatitis_9,Infectious Canine Hepatitis,1,0,0,0,0,1,0,1,1,1,0,0,0,0,0,1,0,1,0,0,0,1,1,0,0,0,0,1,1,0,0,1,0,0,0,0,1,1,0,1,0,0,1,1,0.83,0.9933,0.894736842
Infectious Canine Hepatitis_10,Infectious Canine Hepatitis,1,0,0,0,0,1,0,1,1,1,0,0,0,0,1,1,0,1,0,0,0,1,1,0,0,0,0,1,1,0,0,1,0,0,1,0,1,1,0,1,0,0,0,1,0.86,0.9964,0.947368421
Infectious Canine Hepatitis_11,Infectious Canine Hepatitis,1,0,0,0,0,1,0,1,0,1,0,0,0,0,0,1,0,1,0,0,0,1,1,0,0,0,0,0,0,0,0,1,0,0,0,0,0,0,0,1,0,0,1,1,0.65,0.9804,0.631578947
Infectious Canine Hepatitis_12,Infectious Canine Hepatitis,1,0,0,0,0,1,0,1,1,1,0,0,0,0,1,1,0,1,0,0,0,0,0,0,0,0,0,0,0,0,0,1,0,0,1,0,1,1,0,1,0,0,0,0,0.69,0.9752,0.684210526
Infectious Canine Hepatitis_13,Infectious Canine Hepatitis,0,0,0,0,0,0,0,1,0,1,0,0,0,0,0,1,0,1,0,0,0,1,1,0,0,0,0,0,1,0,0,1,0,0,0,0,1,1,0,1,0,0,0,1,0.62,0.9842,0.631578947
Infectious Canine Hepatitis_14,Infectious Canine Hepatitis,1,0,0,0,0,1,0,1,1,1,0,0,0,0,0,1,0,1,0,0,0,0,1,0,0,0,0,0,0,0,0,1,0,0,1,0,1,1,0,1,0,0,0,1,0.72,0.9934,0.736842105
Infectious Canine Hepatitis_15,Infectious Canine Hepatitis,1,0,0,0,0,1,0,0,0,0,0,0,0,0,1,1,0,1,0,0,0,1,1,0,0,0,0,1,1,0,0,1,0,0,0,0,1,0,0,1,0,0,1,0,0.65,0.9831,0.684210526
Infectious Canine Hepatitis_16,Infectious Canine Hepatitis,0,0,0,0,0,1,0,1,1,1,0,0,0,0,1,0,0,0,0,0,0,1,1,0,0,0,0,0,0,0,0,1,0,0,1,0,0,1,0,1,0,0,1,0,0.62,0.9741,0.631578947
Infectious Canine Hepatitis_17,Infectious Canine Hepatitis,1,0,0,0,0,1,0,0,1,1,0,0,0,0,1,1,0,1,0,0,0,1,1,0,0,0,0,1,0,0,0,1,0,0,1,0,1,1,0,1,0,0,1,0,0.79,0.984,0.842105263
Infectious Canine Hepatitis_18,Infectious Canine Hepatitis,0,0,0,0,0,1,0,1,1,1,0,0,0,0,1,1,0,1,0,0,0,1,1,0,0,0,0,0,0,0,0,1,0,0,1,0,0,0,0,1,0,0,0,1,0.69,0.986,0.684210526
Infectious Canine Hepatitis_19,Infectious Canine Hepatitis,0,0,0,0,0,1,0,1,0,1,0,0,0,0,0,1,0,1,0,0,0,1,1,0,0,0,0,1,0,0,0,1,0,0,1,0,1,1,0,1,0,0,0,0,0.69,0.982,0.684210526
Infectious Canine Hepatitis_20,Infectious Canine Hepatitis,1,0,0,0,0,1,0,0,0,1,0,0,0,0,1,1,0,1,0,0,0,1,1,0,0,0,0,0,0,0,0,1,0,0,0,0,0,1,0,1,0,0,1,1,0.69,0.9875,0.684210526
Infectious Canine Hepatitis_21,Infectious Canine Hepatitis,1,0,0,0,0,1,0,1,1,1,0,0,0,0,1,0,0,1,0,0,0,0,1,0,0,0,0,0,0,0,0,1,0,0,0,0,0,0,0,1,0,0,1,1,0.65,0.9615,0.631578947
Infectious Canine Hepatitis_22,Infectious Canine Hepatitis,0,0,0,0,0,1,0,1,1,1,0,0,0,0,0,1,0,0,0,0,0,0,1,0,0,0,0,1,0,0,0,1,0,0,0,0,0,1,0,0,0,0,0,1,0.51,0.9351,0.526315789
Infectious Canine Hepatitis_23,Infectious Canine Hepatitis,1,0,0,0,0,1,0,1,1,1,0,0,0,0,1,0,0,1,0,0,0,1,1,0,0,0,0,1,1,0,0,1,0,0,1,0,1,0,0,1,0,0,1,0,0.79,0.9931,0.842105263
Infectious Canine Hepatitis_24,Infectious Canine Hepatitis,1,0,0,0,0,1,0,0,1,0,0,0,0,0,1,1,0,1,0,0,0,0,1,0,0,0,0,0,1,0,0,1,0,0,1,0,1,1,0,0,0,0,1,1,0.65,0.9921,0.736842105
Infectious Canine Hepatitis_25,Infectious Canine Hepatitis,1,0,0,0,0,1,0,1,1,1,0,0,0,0,1,1,0,1,0,0,0,1,1,0,0,0,0,0,1,0,0,1,0,0,0,0,0,0,0,1,0,0,1,1,0.76,0.9922,0.789473684
Infectious Canine Hepatitis_26,Infectious Canine Hepatitis,1,0,0,0,0,1,0,1,0,1,0,0,0,0,0,1,0,1,0,0,0,1,1,0,0,0,0,1,1,0,0,1,0,0,1,0,0,1,0,1,0,0,0,1,0.76,0.9921,0.789473684
Infectious Canine Hepatitis_27,Infectious Canine Hepatitis,1,0,0,0,0,1,0,1,1,1,0,0,0,0,0,1,0,1,0,0,0,0,1,0,0,0,0,1,1,0,0,1,0,0,0,0,1,0,0,1,0,0,1,0,0.72,0.9857,0.736842105
Infectious Canine Hepatitis_28,Infectious Canine Hepatitis,1,0,0,0,0,1,0,0,1,1,0,0,0,0,0,0,0,1,0,0,0,1,1,0,0,0,0,0,0,0,0,1,0,0,0,0,1,1,0,1,0,0,1,1,0.69,0.9854,0.684210526
Infectious Canine Hepatitis_29,Infectious Canine Hepatitis,1,0,0,0,0,1,0,1,0,1,0,0,0,0,0,0,0,0,0,0,0,1,1,0,0,0,0,1,1,0,0,1,0,0,1,0,0,1,0,1,0,0,0,1,0.65,0.9866,0.684210526
Infectious Canine Hepatitis_30,Infectious Canine Hepatitis,1,0,0,0,0,1,0,1,1,1,0,0,0,0,1,1,0,1,0,0,0,1,1,0,0,0,0,1,0,0,0,1,0,0,1,0,0,0,0,1,0,0,1,1,0.79,0.9936,0.842105263
