Illness,Predicted
Ameba Infection in Cats,Ehrlichiosis in Cats
Ameba Infection in Cats,Ameba Infection in Cats
Ameba Infection in Cats,Ameba Infection in Cats
Ameba Infection in Cats,Ameba Infection in Cats
Ameba Infection in Cats,Ameba Infection in Cats
Ameba Infection in Cats,Ameba Infection in Cats
Ameba Infection in Cats,Ameba Infection in Cats
Ameba Infection in Cats,Ameba Infection in Cats
Ameba Infection in Cats,Ameba Infection in Cats
Ameba Infection in Cats,Ameba Infection in Cats
Ameba Infection in Cats,Ameba Infection in Cats
Ameba Infection in Cats,Ameba Infection in Cats
Ameba Infection in Cats,Ameba Infection in Cats
Ameba Infection in Cats,Ameba Infection in Cats
Ameba Infection in Cats,Ameba Infection in Cats
Anaerobic Bacterial Infections in Cats,Anaerobic Bacterial Infections in Cats
Anaerobic Bacterial Infections in Cats,Anaerobic Bacterial Infections in Cats
Anaerobic Bacterial Infections in Cats,Anaerobic Bacterial Infections in Cats
Anaerobic Bacterial Infections in Cats,Anaerobic Bacterial Infections in Cats
Anaerobic Bacterial Infections in Cats,Anaerobic Bacterial Infections in Cats
Anaerobic Bacterial Infections in Cats,Anaerobic Bacterial Infections in Cats
Anaerobic Bacterial Infections in Cats,Anaerobic Bacterial Infections in Cats
Anaerobic Bacterial Infections in Cats,Anaerobic Bacterial Infections in Cats
Anaerobic Bacterial Infections in Cats,Anaerobic Bacterial Infections in Cats
Anaerobic Bacterial Infections in Cats,Anaerobic Bacterial Infections in Cats
Anaerobic Bacterial Infections in Cats,Anaerobic Bacterial Infections in Cats
Anaerobic Bacterial Infections in Cats,Anaerobic Bacterial Infections in Cats
Anaerobic Bacterial Infections in Cats,Anaerobic Bacterial Infections in Cats
Anaerobic Bacterial Infections in Cats,Anaerobic Bacterial Infections in Cats
Anaerobic Bacterial Infections in Cats,Anaerobic Bacterial Infections in Cats
Anaerobic Bacterial Infections in Cats,Anaerobic Bacterial Infections in Cats
Anaerobic Bacterial Infections in Cats,Anaerobic Bacterial Infections in Cats
Anaerobic Bacterial Infections in Cats,Anaerobic Bacterial Infections in Cats
Anaerobic Bacterial Infections in Cats,Anaerobic Bacterial Infections in Cats
Anaerobic Bacterial Infections in Cats,Anaerobic Bacterial Infections in Cats
Anaerobic Bacterial Infections in Cats,Anaerobic Bacterial Infections in Cats
Anaerobic Bacterial Infections in Cats,Anaerobic Bacterial Infections in Cats
Anaerobic Bacterial Infections in Cats,Anaerobic Bacterial Infections in Cats
Anaerobic Bacterial Infections in Cats,Anaerobic Bacterial Infections in Cats
Anaerobic Bacterial Infections in Cats,Anaerobic Bacterial Infections in Cats
Anaerobic Bacterial Infections in Cats,Anaerobic Bacterial Infections in Cats
Anaerobic Bacterial Infections in Cats,Anaerobic Bacterial Infections in Cats
Anaerobic Bacterial Infections in Cats,Anaerobic Bacterial Infections in Cats
Anaerobic Bacterial Infections in Cats,Anaerobic Bacterial Infections in Cats
Anaerobic Bacterial Infections in Cats,Anaerobic Bacterial Infections in Cats
Arthritis in Cats,Arthritis in Cats
Arthritis in Cats,Arthritis in Cats
Arthritis in Cats,Arthritis in Cats
Arthritis in Cats,Ehrlichiosis in Cats
Arthritis in Cats,Arthritis in Cats
Arthritis in Cats,Arthritis in Cats
Arthritis in Cats,Arthritis in Cats
Arthritis in Cats,Arthritis in Cats
Arthritis in Cats,Arthritis in Cats
Arthritis in Cats,Arthritis in Cats
Arthritis in Cats,Arthritis in Cats
Arthritis in Cats,Arthritis in Cats
Arthritis in Cats,Arthritis in Cats
Arthritis in Cats,Arthritis in Cats
Arthritis in Cats,Arthritis in Cats
Arthritis in Cats,Arthritis in Cats
Arthritis in Cats,Arthritis in Cats
Arthritis in Cats,Arthritis in Cats
Arthritis in Cats,Ehrlichiosis in Cats
Arthritis in Cats,Arthritis in Cats
Arthritis in Cats,Arthritis in Cats
Arthritis in Cats,Arthritis in Cats
Arthritis in Cats,Arthritis in Cats
Arthritis in Cats,Arthritis in Cats
Arthritis in Cats,Arthritis in Cats
Arthritis in Cats,Arthritis in Cats
Arthritis in Cats,Arthritis in Cats
Arthritis in Cats,Arthritis in Cats
Arthritis in Cats,Ehrlichiosis in Cats
Arthritis in Cats,Arthritis in Cats
Arthritis in Cats,Arthritis in Cats
Arthritis in Cats,Ehrlichiosis in Cats
Arthritis in Cats,Arthritis in Cats
Arthritis in Cats,Arthritis in Cats
Arthritis in Cats,Arthritis in Cats
Arthritis in Cats,Arthritis in Cats
Arthritis in Cats,Arthritis in Cats
Arthritis in Cats,Arthritis in Cats
Arthritis in Cats,Arthritis in Cats
Arthritis in Cats,Arthritis in Cats
Arthritis in Cats,Arthritis in Cats
Arthritis in Cats,Arthritis in Cats
Arthritis in Cats,Arthritis in Cats
Arthritis in Cats,Arthritis in Cats
Arthritis in Cats,Arthritis in Cats
Arthritis in Cats,Arthritis in Cats
Arthritis in Cats,Arthritis in Cats
Arthritis in Cats,Arthritis in Cats
Arthritis in Cats,Arthritis in Cats
Arthritis in Cats,Ehrlichiosis in Cats
Babesiosis in Cats,Babesiosis in Cats
Babesiosis in Cats,Babesiosis in Cats
Babesiosis in Cats,Babesiosis in Cats
Babesiosis in Cats,Babesiosis in Cats
Babesiosis in Cats,Babesiosis in Cats
Babesiosis in Cats,Babesiosis in Cats
Babesiosis in Cats,Babesiosis in Cats
Babesiosis in Cats,Babesiosis in Cats
Babesiosis in Cats,Babesiosis in Cats
Babesiosis in Cats,Babesiosis in Cats
Babesiosis in Cats,Babesiosis in Cats
Babesiosis in Cats,Babesiosis in Cats
Babesiosis in Cats,Babesiosis in Cats
Babesiosis in Cats,Babesiosis in Cats
Babesiosis in Cats,Babesiosis in Cats
Bacterial Infection (Actinomycosis) in Cats,Bacterial Infection (Actinomycosis) in Cats
Bacterial Infection (Actinomycosis) in Cats,Bacterial Infection (Actinomycosis) in Cats
Bacterial Infection (Actinomycosis) in Cats,Bacterial Infection (Actinomycosis) in Cats
Bacterial Infection (Actinomycosis) in Cats,Bacterial Infection (Actinomycosis) in Cats
Bacterial Infection (Actinomycosis) in Cats,Bacterial Infection (Actinomycosis) in Cats
Bacterial Infection (Actinomycosis) in Cats,Bacterial Infection (Actinomycosis) in Cats
Bacterial Infection (Actinomycosis) in Cats,Bacterial Infection (Actinomycosis) in Cats
Bacterial Infection (Actinomycosis) in Cats,Bacterial Infection (Actinomycosis) in Cats
Bacterial Infection (Actinomycosis) in Cats,Bacterial Infection (Actinomycosis) in Cats
Bacterial Infection (Actinomycosis) in Cats,Bacterial Infection (Actinomycosis) in Cats
Bacterial Infection (Actinomycosis) in Cats,Bacterial Infection (Actinomycosis) in Cats
Bacterial Infection (Actinomycosis) in Cats,Bacterial Infection (Actinomycosis) in Cats
Bacterial Infection (Actinomycosis) in Cats,Bacterial Infection (Actinomycosis) in Cats
Bacterial Infection (Actinomycosis) in Cats,Bacterial Infection (Actinomycosis) in Cats
Bacterial Infection (Actinomycosis) in Cats,Bacterial Infection (Actinomycosis) in Cats
Bacterial Infection (B. bronchiseptica) in Cats,Bacterial Infection (B. bronchiseptica) in Cats
Bacterial Infection (B. bronchiseptica) in Cats,Bacterial Infection (B. bronchiseptica) in Cats
Bacterial Infection (B. bronchiseptica) in Cats,Bacterial Infection (B. bronchiseptica) in Cats
Bacterial Infection (B. bronchiseptica) in Cats,Bacterial Infection (B. bronchiseptica) in Cats
Bacterial Infection (B. bronchiseptica) in Cats,Bacterial Infection (B. bronchiseptica) in Cats
Bacterial Infection (B. bronchiseptica) in Cats,Bacterial Infection (B. bronchiseptica) in Cats
Bacterial Infection (B. bronchiseptica) in Cats,Bacterial Infection (B. bronchiseptica) in Cats
Bacterial Infection (B. bronchiseptica) in Cats,Bacterial Infection (B. bronchiseptica) in Cats
Bacterial Infection (B. bronchiseptica) in Cats,Bacterial Infection (B. bronchiseptica) in Cats
Bacterial Infection (B. bronchiseptica) in Cats,Bacterial Infection (B. bronchiseptica) in Cats
Bacterial Infection (B. bronchiseptica) in Cats,Bacterial Infection (B. bronchiseptica) in Cats
Bacterial Infection (B. bronchiseptica) in Cats,Bacterial Infection (B. bronchiseptica) in Cats
Bacterial Infection (B. bronchiseptica) in Cats,Bacterial Infection (B. bronchiseptica) in Cats
Bacterial Infection (B. bronchiseptica) in Cats,Bacterial Infection (B. bronchiseptica) in Cats
Bacterial Infection (B. bronchiseptica) in Cats,Bacterial Infection (B. bronchiseptica) in Cats
Bacterial Infection (B. bronchiseptica) in Cats,Bacterial Infection (B. bronchiseptica) in Cats
Bacterial Infection (B. bronchiseptica) in Cats,Bacterial Infection (B. bronchiseptica) in Cats
Bacterial Infection (B. bronchiseptica) in Cats,Bacterial Infection (B. bronchiseptica) in Cats
Bacterial Infection (B. bronchiseptica) in Cats,Bacterial Infection (B. bronchiseptica) in Cats
Bacterial Infection (B. bronchiseptica) in Cats,Bacterial Infection (B. bronchiseptica) in Cats
Bacterial Infection (B. bronchiseptica) in Cats,Bacterial Infection (B. bronchiseptica) in Cats
Bacterial Infection (B. bronchiseptica) in Cats,Bacterial Infection (B. bronchiseptica) in Cats
Bacterial Infection (B. bronchiseptica) in Cats,Bacterial Infection (B. bronchiseptica) in Cats
Bacterial Infection (B. bronchiseptica) in Cats,Bacterial Infection (B. bronchiseptica) in Cats
Bacterial Infection (B. bronchiseptica) in Cats,Bacterial Infection (B. bronchiseptica) in Cats
Bacterial Infection (B. bronchiseptica) in Cats,Bacterial Infection (B. bronchiseptica) in Cats
Bacterial Infection (B. bronchiseptica) in Cats,Bacterial Infection (B. bronchiseptica) in Cats
Bacterial Infection (B. bronchiseptica) in Cats,Bacterial Infection (B. bronchiseptica) in Cats
Bacterial Infection (B. bronchiseptica) in Cats,Toxoplasmosis in Cats
Bacterial Infection (B. bronchiseptica) in Cats,Toxoplasmosis in Cats
Bacterial Infection (Campylobacteriosis) in Cats,Ehrlichiosis in Cats
Bacterial Infection (Campylobacteriosis) in Cats,Ehrlichiosis in Cats
Bacterial Infection (Campylobacteriosis) in Cats,Ehrlichiosis in Cats
Bacterial Infection (Campylobacteriosis) in Cats,Ehrlichiosis in Cats
Bacterial Infection (Campylobacteriosis) in Cats,Ehrlichiosis in Cats
Bacterial Infection (Campylobacteriosis) in Cats,Ehrlichiosis in Cats
Bacterial Infection (Campylobacteriosis) in Cats,Ehrlichiosis in Cats
Bacterial Infection (Campylobacteriosis) in Cats,Ehrlichiosis in Cats
Bacterial Infection (Campylobacteriosis) in Cats,Ehrlichiosis in Cats
Bacterial Infection (Campylobacteriosis) in Cats,Ehrlichiosis in Cats
Bacterial Infection (Campylobacteriosis) in Cats,Ehrlichiosis in Cats
Bacterial Infection (Campylobacteriosis) in Cats,Ehrlichiosis in Cats
Bacterial Infection (Campylobacteriosis) in Cats,Ehrlichiosis in Cats
Bacterial Infection (Campylobacteriosis) in Cats,Ehrlichiosis in Cats
Bacterial Infection (Campylobacteriosis) in Cats,Ehrlichiosis in Cats
Bacterial Infection (Campylobacteriosis) in Cats,Ehrlichiosis in Cats
Bacterial Infection (Campylobacteriosis) in Cats,Ehrlichiosis in Cats
Bacterial Infection (Campylobacteriosis) in Cats,Ehrlichiosis in Cats
Bacterial Infection (Campylobacteriosis) in Cats,Ehrlichiosis in Cats
Bacterial Infection (Campylobacteriosis) in Cats,Ehrlichiosis in Cats
Bacterial Infection (Campylobacteriosis) in Cats,Ehrlichiosis in Cats
Bacterial Infection (Campylobacteriosis) in Cats,Ehrlichiosis in Cats
Bacterial Infection (Campylobacteriosis) in Cats,Ehrlichiosis in Cats
Bacterial Infection (Campylobacteriosis) in Cats,Ehrlichiosis in Cats
Bacterial Infection (Campylobacteriosis) in Cats,Ehrlichiosis in Cats
Bacterial Infection (Campylobacteriosis) in Cats,Ehrlichiosis in Cats
Bacterial Infection (Campylobacteriosis) in Cats,Ehrlichiosis in Cats
Bacterial Infection (Campylobacteriosis) in Cats,Ehrlichiosis in Cats
Bacterial Infection (Campylobacteriosis) in Cats,Ehrlichiosis in Cats
Bacterial Infection (Campylobacteriosis) in Cats,Ehrlichiosis in Cats
Bacterial Infection (Leptospirosis) in Cats,Bacterial Infection (Leptospirosis) in Cats
Bacterial Infection (Leptospirosis) in Cats,Bacterial Infection (Leptospirosis) in Cats
Bacterial Infection (Leptospirosis) in Cats,Bacterial Infection (Leptospirosis) in Cats
Bacterial Infection (Leptospirosis) in Cats,Bacterial Infection (Leptospirosis) in Cats
Bacterial Infection (Leptospirosis) in Cats,Bacterial Infection (Leptospirosis) in Cats
Bacterial Infection (Leptospirosis) in Cats,Bacterial Infection (Leptospirosis) in Cats
Bacterial Infection (Leptospirosis) in Cats,Bacterial Infection (Leptospirosis) in Cats
Bacterial Infection (Leptospirosis) in Cats,Bacterial Infection (Leptospirosis) in Cats
Bacterial Infection (Leptospirosis) in Cats,Bacterial Infection (Leptospirosis) in Cats
Bacterial Infection (Leptospirosis) in Cats,Bacterial Infection (Leptospirosis) in Cats
Bacterial Infection (Leptospirosis) in Cats,Bacterial Infection (Leptospirosis) in Cats
Bacterial Infection (Leptospirosis) in Cats,Bacterial Infection (Leptospirosis) in Cats
Bacterial Infection (Leptospirosis) in Cats,Bacterial Infection (Leptospirosis) in Cats
Bacterial Infection (Leptospirosis) in Cats,Bacterial Infection (Leptospirosis) in Cats
Bacterial Infection (Leptospirosis) in Cats,Bacterial Infection (Leptospirosis) in Cats
Bacterial Infection (Leptospirosis) in Cats,Bacterial Infection (Leptospirosis) in Cats
Bacterial Infection (Leptospirosis) in Cats,Bacterial Infection (Leptospirosis) in Cats
Bacterial Infection (Leptospirosis) in Cats,Bacterial Infection (Leptospirosis) in Cats
Bacterial Infection (Leptospirosis) in Cats,Bacterial Infection (Leptospirosis) in Cats
Bacterial Infection (Leptospirosis) in Cats,Bacterial Infection (Leptospirosis) in Cats
Bacterial Infection (Leptospirosis) in Cats,Bacterial Infection (Leptospirosis) in Cats
Bacterial Infection (Leptospirosis) in Cats,Bacterial Infection (Leptospirosis) in Cats
Bacterial Infection (Leptospirosis) in Cats,Bacterial Infection (Leptospirosis) in Cats
Bacterial Infection (Leptospirosis) in Cats,Bacterial Infection (Leptospirosis) in Cats
Bacterial Infection (Leptospirosis) in Cats,Bacterial Infection (Leptospirosis) in Cats
Bacterial Infection (Leptospirosis) in Cats,Bacterial Infection (Leptospirosis) in Cats
Bacterial Infection (Leptospirosis) in Cats,Bacterial Infection (Leptospirosis) in Cats
Bacterial Infection (Leptospirosis) in Cats,Bacterial Infection (Leptospirosis) in Cats
Bacterial Infection (Leptospirosis) in Cats,Bacterial Infection (Leptospirosis) in Cats
Bacterial Infection (Leptospirosis) in Cats,Bacterial Infection (Leptospirosis) in Cats
Bacterial Infection (Streptococcus) in Cats,Bacterial Infection (Streptococcus) in Cats
Bacterial Infection (Streptococcus) in Cats,Bacterial Infection (Streptococcus) in Cats
Bacterial Infection (Streptococcus) in Cats,Bacterial Infection (Streptococcus) in Cats
Bacterial Infection (Streptococcus) in Cats,Bacterial Infection (Streptococcus) in Cats
Bacterial Infection (Streptococcus) in Cats,Bacterial Infection (Streptococcus) in Cats
Bacterial Infection (Streptococcus) in Cats,Bacterial Infection (Streptococcus) in Cats
Bacterial Infection (Streptococcus) in Cats,Bacterial Infection (Streptococcus) in Cats
Bacterial Infection (Streptococcus) in Cats,Bacterial Infection (Streptococcus) in Cats
Bacterial Infection (Streptococcus) in Cats,Bacterial Infection (Streptococcus) in Cats
Bacterial Infection (Streptococcus) in Cats,Bacterial Infection (Streptococcus) in Cats
Bacterial Infection (Streptococcus) in Cats,Bacterial Infection (Streptococcus) in Cats
Bacterial Infection (Streptococcus) in Cats,Bacterial Infection (Streptococcus) in Cats
Bacterial Infection (Streptococcus) in Cats,Bacterial Infection (Streptococcus) in Cats
Bacterial Infection (Streptococcus) in Cats,Bacterial Infection (Streptococcus) in Cats
Bacterial Infection (Streptococcus) in Cats,Bacterial Infection (Streptococcus) in Cats
Bacterial Infection (Streptococcus) in Cats,Bacterial Infection (Streptococcus) in Cats
Bacterial Infection (Streptococcus) in Cats,Bacterial Infection (Streptococcus) in Cats
Bacterial Infection (Streptococcus) in Cats,Bacterial Infection (Streptococcus) in Cats
Bacterial Infection (Streptococcus) in Cats,Bacterial Infection (Streptococcus) in Cats
Bacterial Infection (Streptococcus) in Cats,Bacterial Infection (Streptococcus) in Cats
Bacterial Infection (Streptococcus) in Cats,Bacterial Infection (Streptococcus) in Cats
Bacterial Infection (Streptococcus) in Cats,Bacterial Infection (Streptococcus) in Cats
Bacterial Infection (Streptococcus) in Cats,Bacterial Infection (Streptococcus) in Cats
Bacterial Infection (Streptococcus) in Cats,Bacterial Infection (Streptococcus) in Cats
Bacterial Infection (Streptococcus) in Cats,Bacterial Infection (Streptococcus) in Cats
Bacterial Infection (Streptococcus) in Cats,Bacterial Infection (Streptococcus) in Cats
Bacterial Infection (Streptococcus) in Cats,Bacterial Infection (Streptococcus) in Cats
Bacterial Infection (Streptococcus) in Cats,Bacterial Infection (Streptococcus) in Cats
Bacterial Infection (Streptococcus) in Cats,Bacterial Infection (Streptococcus) in Cats
Bacterial Infection (Streptococcus) in Cats,Bacterial Infection (Streptococcus) in Cats
Calicivirus in Cats,Calicivirus in Cats
Calicivirus in Cats,Calicivirus in Cats
Calicivirus in Cats,Ameba Infection in Cats
Calicivirus in Cats,Calicivirus in Cats
Calicivirus in Cats,Calicivirus in Cats
Calicivirus in Cats,Calicivirus in Cats
Calicivirus in Cats,Calicivirus in Cats
Calicivirus in Cats,Calicivirus in Cats
Calicivirus in Cats,Calicivirus in Cats
Calicivirus in Cats,Calicivirus in Cats
Calicivirus in Cats,Calicivirus in Cats
Calicivirus in Cats,Calicivirus in Cats
Calicivirus in Cats,Calicivirus in Cats
Calicivirus in Cats,Calicivirus in Cats
Calicivirus in Cats,Calicivirus in Cats
Calicivirus in Cats,Calicivirus in Cats
Calicivirus in Cats,Calicivirus in Cats
Calicivirus in Cats,Calicivirus in Cats
Calicivirus in Cats,Calicivirus in Cats
Calicivirus in Cats,Calicivirus in Cats
Calicivirus in Cats,Calicivirus in Cats
Calicivirus in Cats,Calicivirus in Cats
Calicivirus in Cats,Calicivirus in Cats
Calicivirus in Cats,Calicivirus in Cats
Calicivirus in Cats,Calicivirus in Cats
Calicivirus in Cats,Calicivirus in Cats
Calicivirus in Cats,Calicivirus in Cats
Calicivirus in Cats,Calicivirus in Cats
Calicivirus in Cats,Calicivirus in Cats
Calicivirus in Cats,Calicivirus in Cats
Calicivirus in Cats,Calicivirus in Cats
Calicivirus in Cats,Calicivirus in Cats
Calicivirus in Cats,Calicivirus in Cats
Calicivirus in Cats,Calicivirus in Cats
Calicivirus in Cats,Calicivirus in Cats
Calicivirus in Cats,Calicivirus in Cats
Calicivirus in Cats,Calicivirus in Cats
Calicivirus in Cats,Calicivirus in Cats
Calicivirus in Cats,Calicivirus in Cats
Calicivirus in Cats,Calicivirus in Cats
Calicivirus in Cats,Calicivirus in Cats
Calicivirus in Cats,Calicivirus in Cats
Calicivirus in Cats,Calicivirus in Cats
Calicivirus in Cats,Calicivirus in Cats
Calicivirus in Cats,Calicivirus in Cats
Calicivirus in Cats,Calicivirus in Cats
Calicivirus in Cats,Calicivirus in Cats
Calicivirus in Cats,Calicivirus in Cats
Calicivirus in Cats,Calicivirus in Cats
Calicivirus in Cats,Calicivirus in Cats
Cat Tooth Abscess,Cat Tooth Abscess
Cat Tooth Abscess,Cat Tooth Abscess
Cat Tooth Abscess,Cat Tooth Abscess
Cat Tooth Abscess,Cat Tooth Abscess
Cat Tooth Abscess,Cat Tooth Abscess
Cat Tooth Abscess,Cat Tooth Abscess
Cat Tooth Abscess,Cat Tooth Abscess
Cat Tooth Abscess,Cat Tooth Abscess
Cat Tooth Abscess,Cat Tooth Abscess
Cat Tooth Abscess,Cat Tooth Abscess
Cat Tooth Abscess,Cat Tooth Abscess
Cat Tooth Abscess,Cat Tooth Abscess
Cat Tooth Abscess,Cat Tooth Abscess
Cat Tooth Abscess,Cat Tooth Abscess
Cat Tooth Abscess,Cat Tooth Abscess
Cat Tooth Abscess,Cat Tooth Abscess
Cat Tooth Abscess,Cat Tooth Abscess
Cat Tooth Abscess,Cat Tooth Abscess
Cat Tooth Abscess,Cat Tooth Abscess
Cat Tooth Abscess,Cat Tooth Abscess
Cat Tooth Abscess,Cat Tooth Abscess
Cat Tooth Abscess,Cat Tooth Abscess
Cat Tooth Abscess,Cat Tooth Abscess
Cat Tooth Abscess,Cat Tooth Abscess
Cat Tooth Abscess,Cat Tooth Abscess
Cat Tooth Abscess,Cat Tooth Abscess
Cat Tooth Abscess,Cat Tooth Abscess
Cat Tooth Abscess,Cat Tooth Abscess
Cat Tooth Abscess,Cat Tooth Abscess
Cat Tooth Abscess,Cat Tooth Abscess
Cat Tooth Abscess,Cat Tooth Abscess
Cat Tooth Abscess,Cat Tooth Abscess
Cat Tooth Abscess,Cat Tooth Abscess
Cat Tooth Abscess,Cat Tooth Abscess
Cat Tooth Abscess,Cat Tooth Abscess
Cat Tooth Abscess,Cat Tooth Abscess
Cat Tooth Abscess,Cat Tooth Abscess
Cat Tooth Abscess,Cat Tooth Abscess
Cat Tooth Abscess,Cat Tooth Abscess
Cat Tooth Abscess,Cat Tooth Abscess
Cat Tooth Abscess,Cat Tooth Abscess
Cat Tooth Abscess,Cat Tooth Abscess
Cat Tooth Abscess,Cat Tooth Abscess
Cat Tooth Abscess,Cat Tooth Abscess
Cat Tooth Abscess,Cat Tooth Abscess
Cat Tooth Abscess,Cat Tooth Abscess
Cat Tooth Abscess,Cat Tooth Abscess
Cat Tooth Abscess,Cat Tooth Abscess
Cat Tooth Abscess,Cat Tooth Abscess
Cat Tooth Abscess,Cat Tooth Abscess
Cerebellar Hypoplasia in Cats,Cerebellar Hypoplasia in Cats
Cerebellar Hypoplasia in Cats,Cerebellar Hypoplasia in Cats
Cerebellar Hypoplasia in Cats,Cerebellar Hypoplasia in Cats
Cerebellar Hypoplasia in Cats,Cerebellar Hypoplasia in Cats
Cerebellar Hypoplasia in Cats,Cerebellar Hypoplasia in Cats
Cerebellar Hypoplasia in Cats,Cerebellar Hypoplasia in Cats
Cerebellar Hypoplasia in Cats,Cerebellar Hypoplasia in Cats
Cerebellar Hypoplasia in Cats,Cerebellar Hypoplasia in Cats
Cerebellar Hypoplasia in Cats,Cerebellar Hypoplasia in Cats
Cerebellar Hypoplasia in Cats,Cerebellar Hypoplasia in Cats
Cerebellar Hypoplasia in Cats,Cerebellar Hypoplasia in Cats
Cerebellar Hypoplasia in Cats,Cerebellar Hypoplasia in Cats
Cerebellar Hypoplasia in Cats,Cerebellar Hypoplasia in Cats
Cerebellar Hypoplasia in Cats,Cerebellar Hypoplasia in Cats
Cerebellar Hypoplasia in Cats,Cerebellar Hypoplasia in Cats
Chronic Renal Failure in Cats,Chronic Renal Failure in Cats
Chronic Renal Failure in Cats,Chronic Renal Failure in Cats
Chronic Renal Failure in Cats,Chronic Renal Failure in Cats
Chronic Renal Failure in Cats,Chronic Renal Failure in Cats
Chronic Renal Failure in Cats,Chronic Renal Failure in Cats
Chronic Renal Failure in Cats,Chronic Renal Failure in Cats
Chronic Renal Failure in Cats,Chronic Renal Failure in Cats
Chronic Renal Failure in Cats,Chronic Renal Failure in Cats
Chronic Renal Failure in Cats,Chronic Renal Failure in Cats
Chronic Renal Failure in Cats,Chronic Renal Failure in Cats
Chronic Renal Failure in Cats,Chronic Renal Failure in Cats
Chronic Renal Failure in Cats,Chronic Renal Failure in Cats
Chronic Renal Failure in Cats,Chronic Renal Failure in Cats
Chronic Renal Failure in Cats,Chronic Renal Failure in Cats
Chronic Renal Failure in Cats,Chronic Renal Failure in Cats
Chronic Renal Failure in Cats,Chronic Renal Failure in Cats
Chronic Renal Failure in Cats,Chronic Renal Failure in Cats
Chronic Renal Failure in Cats,Chronic Renal Failure in Cats
Chronic Renal Failure in Cats,Chronic Renal Failure in Cats
Chronic Renal Failure in Cats,Chronic Renal Failure in Cats
Chronic Renal Failure in Cats,Chronic Renal Failure in Cats
Chronic Renal Failure in Cats,Chronic Renal Failure in Cats
Chronic Renal Failure in Cats,Chronic Renal Failure in Cats
Chronic Renal Failure in Cats,Chronic Renal Failure in Cats
Chronic Renal Failure in Cats,Ehrlichiosis in Cats
Chronic Renal Failure in Cats,Chronic Renal Failure in Cats
Chronic Renal Failure in Cats,Chronic Renal Failure in Cats
Chronic Renal Failure in Cats,Chronic Renal Failure in Cats
Chronic Renal Failure in Cats,Chronic Renal Failure in Cats
Chronic Renal Failure in Cats,Chronic Renal Failure in Cats
Chronic Renal Failure in Cats,Chronic Renal Failure in Cats
Chronic Renal Failure in Cats,Chronic Renal Failure in Cats
Chronic Renal Failure in Cats,Chronic Renal Failure in Cats
Chronic Renal Failure in Cats,Chronic Renal Failure in Cats
Chronic Renal Failure in Cats,Chronic Renal Failure in Cats
Chronic Renal Failure in Cats,Chronic Renal Failure in Cats
Chronic Renal Failure in Cats,Chronic Renal Failure in Cats
Chronic Renal Failure in Cats,Chronic Renal Failure in Cats
Chronic Renal Failure in Cats,Chronic Renal Failure in Cats
Chronic Renal Failure in Cats,Chronic Renal Failure in Cats
Chronic Renal Failure in Cats,Chronic Renal Failure in Cats
Chronic Renal Failure in Cats,Chronic Renal Failure in Cats
Chronic Renal Failure in Cats,Chronic Renal Failure in Cats
Chronic Renal Failure in Cats,Chronic Renal Failure in Cats
Chronic Renal Failure in Cats,Chronic Renal Failure in Cats
Chronic Renal Failure in Cats,Chronic Renal Failure in Cats
Chronic Renal Failure in Cats,Chronic Renal Failure in Cats
Chronic Renal Failure in Cats,Chronic Renal Failure in Cats
Chronic Renal Failure in Cats,Chronic Renal Failure in Cats
Chronic Renal Failure in Cats,Chronic Renal Failure in Cats
Coccidia in Cats,Ameba Infection in Cats
Coccidia in Cats,Ameba Infection in Cats
Coccidia in Cats,Coccidia in Cats
Coccidia in Cats,Ameba Infection in Cats
Coccidia in Cats,Ameba Infection in Cats
Coccidia in Cats,Coccidia in Cats
Coccidia in Cats,Coccidia in Cats
Coccidia in Cats,Ameba Infection in Cats
Coccidia in Cats,Coccidia in Cats
Coccidia in Cats,Coccidia in Cats
Coccidia in Cats,Coccidia in Cats
Coccidia in Cats,Ameba Infection in Cats
Coccidia in Cats,Coccidia in Cats
Coccidia in Cats,Coccidia in Cats
Coccidia in Cats,Ameba Infection in Cats
Congestive Heart Failure in Cats,Congestive Heart Failure in Cats
Congestive Heart Failure in Cats,Congestive Heart Failure in Cats
Congestive Heart Failure in Cats,Congestive Heart Failure in Cats
Congestive Heart Failure in Cats,Congestive Heart Failure in Cats
Congestive Heart Failure in Cats,Congestive Heart Failure in Cats
Congestive Heart Failure in Cats,Congestive Heart Failure in Cats
Congestive Heart Failure in Cats,Congestive Heart Failure in Cats
Congestive Heart Failure in Cats,Congestive Heart Failure in Cats
Congestive Heart Failure in Cats,Congestive Heart Failure in Cats
Congestive Heart Failure in Cats,Congestive Heart Failure in Cats
Congestive Heart Failure in Cats,Congestive Heart Failure in Cats
Congestive Heart Failure in Cats,Congestive Heart Failure in Cats
Congestive Heart Failure in Cats,Congestive Heart Failure in Cats
Congestive Heart Failure in Cats,Ehrlichiosis in Cats
Congestive Heart Failure in Cats,Congestive Heart Failure in Cats
Congestive Heart Failure in Cats,Congestive Heart Failure in Cats
Congestive Heart Failure in Cats,Congestive Heart Failure in Cats
Congestive Heart Failure in Cats,Congestive Heart Failure in Cats
Congestive Heart Failure in Cats,Congestive Heart Failure in Cats
Congestive Heart Failure in Cats,Congestive Heart Failure in Cats
Congestive Heart Failure in Cats,Congestive Heart Failure in Cats
Congestive Heart Failure in Cats,Congestive Heart Failure in Cats
Congestive Heart Failure in Cats,Congestive Heart Failure in Cats
Congestive Heart Failure in Cats,Congestive Heart Failure in Cats
Congestive Heart Failure in Cats,Congestive Heart Failure in Cats
Congestive Heart Failure in Cats,Congestive Heart Failure in Cats
Congestive Heart Failure in Cats,Congestive Heart Failure in Cats
Congestive Heart Failure in Cats,Congestive Heart Failure in Cats
Congestive Heart Failure in Cats,Congestive Heart Failure in Cats
Congestive Heart Failure in Cats,Congestive Heart Failure in Cats
Demodectic Mange in Cats,Demodectic Mange in Cats
Demodectic Mange in Cats,Demodectic Mange in Cats
Demodectic Mange in Cats,Demodectic Mange in Cats
Demodectic Mange in Cats,Demodectic Mange in Cats
Demodectic Mange in Cats,Demodectic Mange in Cats
Demodectic Mange in Cats,Demodectic Mange in Cats
Demodectic Mange in Cats,Demodectic Mange in Cats
Demodectic Mange in Cats,Demodectic Mange in Cats
Demodectic Mange in Cats,Demodectic Mange in Cats
Demodectic Mange in Cats,Demodectic Mange in Cats
Demodectic Mange in Cats,Demodectic Mange in Cats
Demodectic Mange in Cats,Demodectic Mange in Cats
Demodectic Mange in Cats,Demodectic Mange in Cats
Demodectic Mange in Cats,Demodectic Mange in Cats
Demodectic Mange in Cats,Demodectic Mange in Cats
Dental Issues in Cats,Dental Issues in Cats
Dental Issues in Cats,Dental Issues in Cats
Dental Issues in Cats,Ehrlichiosis in Cats
Dental Issues in Cats,Dental Issues in Cats
Dental Issues in Cats,Dental Issues in Cats
Dental Issues in Cats,Dental Issues in Cats
Dental Issues in Cats,Dental Issues in Cats
Dental Issues in Cats,Dental Issues in Cats
Dental Issues in Cats,Dental Issues in Cats
Dental Issues in Cats,Dental Issues in Cats
Dental Issues in Cats,Dental Issues in Cats
Dental Issues in Cats,Dental Issues in Cats
Dental Issues in Cats,Dental Issues in Cats
Dental Issues in Cats,Dental Issues in Cats
Dental Issues in Cats,Dental Issues in Cats
Dental Issues in Cats,Dental Issues in Cats
Dental Issues in Cats,Dental Issues in Cats
Dental Issues in Cats,Dental Issues in Cats
Dental Issues in Cats,Dental Issues in Cats
Dental Issues in Cats,Dental Issues in Cats
Dental Issues in Cats,Dental Issues in Cats
Dental Issues in Cats,Dental Issues in Cats
Dental Issues in Cats,Dental Issues in Cats
Dental Issues in Cats,Dental Issues in Cats
Dental Issues in Cats,Dental Issues in Cats
Dental Issues in Cats,Dental Issues in Cats
Dental Issues in Cats,Dental Issues in Cats
Dental Issues in Cats,Dental Issues in Cats
Dental Issues in Cats,Dental Issues in Cats
Dental Issues in Cats,Dental Issues in Cats
Dental Issues in Cats,Dental Issues in Cats
Dental Issues in Cats,Ehrlichiosis in Cats
Dental Issues in Cats,Dental Issues in Cats
Dental Issues in Cats,Dental Issues in Cats
Dental Issues in Cats,Dental Issues in Cats
Dental Issues in Cats,Dental Issues in Cats
Dental Issues in Cats,Dental Issues in Cats
Dental Issues in Cats,Dental Issues in Cats
Dental Issues in Cats,Dental Issues in Cats
Dental Issues in Cats,Dental Issues in Cats
Dental Issues in Cats,Dental Issues in Cats
Dental Issues in Cats,Dental Issues in Cats
Dental Issues in Cats,Dental Issues in Cats
Dental Issues in Cats,Dental Issues in Cats
Dental Issues in Cats,Dental Issues in Cats
Dental Issues in Cats,Dental Issues in Cats
Dental Issues in Cats,Dental Issues in Cats
Dental Issues in Cats,Dental Issues in Cats
Dental Issues in Cats,Dental Issues in Cats
Dental Issues in Cats,Ehrlichiosis in Cats
Diabetes in Cats,Diabetes in Cats
Diabetes in Cats,Diabetes in Cats
Diabetes in Cats,Diabetes in Cats
Diabetes in Cats,Diabetes in Cats
Diabetes in Cats,Diabetes in Cats
Diabetes in Cats,Diabetes in Cats
Diabetes in Cats,Diabetes in Cats
Diabetes in Cats,Diabetes in Cats
Diabetes in Cats,Diabetes in Cats
Diabetes in Cats,Diabetes in Cats
Diabetes in Cats,Diabetes in Cats
Diabetes in Cats,Diabetes in Cats
Diabetes in Cats,Diabetes in Cats
Diabetes in Cats,Diabetes in Cats
Diabetes in Cats,Diabetes in Cats
Diabetes in Cats,Diabetes in Cats
Diabetes in Cats,Diabetes in Cats
Diabetes in Cats,Diabetes in Cats
Diabetes in Cats,Diabetes in Cats
Diabetes in Cats,Diabetes in Cats
Diabetes in Cats,Diabetes in Cats
Diabetes in Cats,Diabetes in Cats
Diabetes in Cats,Diabetes in Cats
Diabetes in Cats,Diabetes in Cats
Diabetes in Cats,Diabetes in Cats
Diabetes in Cats,Diabetes in Cats
Diabetes in Cats,Diabetes in Cats
Diabetes in Cats,Diabetes in Cats
Diabetes in Cats,Diabetes in Cats
Diabetes in Cats,Diabetes in Cats
Diabetes in Cats,Diabetes in Cats
Diabetes in Cats,Diabetes in Cats
Diabetes in Cats,Diabetes in Cats
Diabetes in Cats,Diabetes in Cats
Diabetes in Cats,Diabetes in Cats
Diabetes in Cats,Diabetes in Cats
Diabetes in Cats,Diabetes in Cats
Diabetes in Cats,Diabetes in Cats
Diabetes in Cats,Diabetes in Cats
Diabetes in Cats,Diabetes in Cats
Diabetes in Cats,Diabetes in Cats
Diabetes in Cats,Diabetes in Cats
Diabetes in Cats,Diabetes in Cats
Diabetes in Cats,Diabetes in Cats
Diabetes in Cats,Diabetes in Cats
Diabetes in Cats,Diabetes in Cats
Diabetes in Cats,Diabetes in Cats
Diabetes in Cats,Diabetes in Cats
Diabetes in Cats,Diabetes in Cats
Diabetes in Cats,Diabetes in Cats
Ehrlichiosis in Cats,Ehrlichiosis in Cats
Ehrlichiosis in Cats,Ehrlichiosis in Cats
Ehrlichiosis in Cats,Ehrlichiosis in Cats
Ehrlichiosis in Cats,Ehrlichiosis in Cats
Ehrlichiosis in Cats,Ehrlichiosis in Cats
Ehrlichiosis in Cats,Ehrlichiosis in Cats
Ehrlichiosis in Cats,Ehrlichiosis in Cats
Ehrlichiosis in Cats,Ehrlichiosis in Cats
Ehrlichiosis in Cats,Ehrlichiosis in Cats
Ehrlichiosis in Cats,Ehrlichiosis in Cats
Ehrlichiosis in Cats,Ehrlichiosis in Cats
Ehrlichiosis in Cats,Ehrlichiosis in Cats
Ehrlichiosis in Cats,Ehrlichiosis in Cats
Ehrlichiosis in Cats,Ehrlichiosis in Cats
Ehrlichiosis in Cats,Ehrlichiosis in Cats
Epilepsy in Cats,Epilepsy in Cats
Epilepsy in Cats,Epilepsy in Cats
Epilepsy in Cats,Epilepsy in Cats
Epilepsy in Cats,Epilepsy in Cats
Epilepsy in Cats,Epilepsy in Cats
Epilepsy in Cats,Epilepsy in Cats
Epilepsy in Cats,Epilepsy in Cats
Epilepsy in Cats,Epilepsy in Cats
Epilepsy in Cats,Epilepsy in Cats
Epilepsy in Cats,Epilepsy in Cats
Epilepsy in Cats,Epilepsy in Cats
Epilepsy in Cats,Epilepsy in Cats
Epilepsy in Cats,Epilepsy in Cats
Epilepsy in Cats,Epilepsy in Cats
Epilepsy in Cats,Epilepsy in Cats
Feline Distemper (Panleukopenia),Ameba Infection in Cats
Feline Distemper (Panleukopenia),Feline Distemper (Panleukopenia)
Feline Distemper (Panleukopenia),Feline Distemper (Panleukopenia)
Feline Distemper (Panleukopenia),Feline Distemper (Panleukopenia)
Feline Distemper (Panleukopenia),Feline Distemper (Panleukopenia)
Feline Distemper (Panleukopenia),Feline Distemper (Panleukopenia)
Feline Distemper (Panleukopenia),Feline Distemper (Panleukopenia)
Feline Distemper (Panleukopenia),Feline Distemper (Panleukopenia)
Feline Distemper (Panleukopenia),Feline Distemper (Panleukopenia)
Feline Distemper (Panleukopenia),Feline Distemper (Panleukopenia)
Feline Distemper (Panleukopenia),Feline Distemper (Panleukopenia)
Feline Distemper (Panleukopenia),Feline Distemper (Panleukopenia)
Feline Distemper (Panleukopenia),Feline Distemper (Panleukopenia)
Feline Distemper (Panleukopenia),Feline Distemper (Panleukopenia)
Feline Distemper (Panleukopenia),Feline Distemper (Panleukopenia)
Feline Distemper (Panleukopenia),Feline Distemper (Panleukopenia)
Feline Distemper (Panleukopenia),Feline Distemper (Panleukopenia)
Feline Distemper (Panleukopenia),Feline Distemper (Panleukopenia)
Feline Distemper (Panleukopenia),Ehrlichiosis in Cats
Feline Distemper (Panleukopenia),Feline Distemper (Panleukopenia)
Feline Distemper (Panleukopenia),Feline Distemper (Panleukopenia)
Feline Distemper (Panleukopenia),Feline Distemper (Panleukopenia)
Feline Distemper (Panleukopenia),Feline Distemper (Panleukopenia)
Feline Distemper (Panleukopenia),Feline Distemper (Panleukopenia)
Feline Distemper (Panleukopenia),Feline Distemper (Panleukopenia)
Feline Distemper (Panleukopenia),Feline Distemper (Panleukopenia)
Feline Distemper (Panleukopenia),Feline Distemper (Panleukopenia)
Feline Distemper (Panleukopenia),Feline Distemper (Panleukopenia)
Feline Distemper (Panleukopenia),Feline Distemper (Panleukopenia)
Feline Distemper (Panleukopenia),Feline Distemper (Panleukopenia)
Feline Distemper (Panleukopenia),Feline Distemper (Panleukopenia)
Feline Distemper (Panleukopenia),Feline Distemper (Panleukopenia)
Feline Distemper (Panleukopenia),Feline Distemper (Panleukopenia)
Feline Distemper (Panleukopenia),Feline Distemper (Panleukopenia)
Feline Distemper (Panleukopenia),Feline Distemper (Panleukopenia)
Feline Distemper (Panleukopenia),Feline Distemper (Panleukopenia)
Feline Distemper (Panleukopenia),Feline Distemper (Panleukopenia)
Feline Distemper (Panleukopenia),Feline Distemper (Panleukopenia)
Feline Distemper (Panleukopenia),Ameba Infection in Cats
Feline Distemper (Panleukopenia),Feline Distemper (Panleukopenia)
Feline Distemper (Panleukopenia),Feline Distemper (Panleukopenia)
Feline Distemper (Panleukopenia),Feline Distemper (Panleukopenia)
Feline Distemper (Panleukopenia),Feline Distemper (Panleukopenia)
Feline Distemper (Panleukopenia),Ehrlichiosis in Cats
Feline Distemper (Panleukopenia),Feline Distemper (Panleukopenia)
Feline Distemper (Panleukopenia),Feline Distemper (Panleukopenia)
Feline Distemper (Panleukopenia),Feline Distemper (Panleukopenia)
Feline Distemper (Panleukopenia),Feline Distemper (Panleukopenia)
Feline Distemper (Panleukopenia),Feline Distemper (Panleukopenia)
Feline Distemper (Panleukopenia),Ameba Infection in Cats
Feline Herpesvirus 1 (FHV-1) Infection,Feline Herpesvirus 1 (FHV-1) Infection
Feline Herpesvirus 1 (FHV-1) Infection,Feline Herpesvirus 1 (FHV-1) Infection
Feline Herpesvirus 1 (FHV-1) Infection,Feline Herpesvirus 1 (FHV-1) Infection
Feline Herpesvirus 1 (FHV-1) Infection,Feline Herpesvirus 1 (FHV-1) Infection
Feline Herpesvirus 1 (FHV-1) Infection,Feline Herpesvirus 1 (FHV-1) Infection
Feline Herpesvirus 1 (FHV-1) Infection,Feline Herpesvirus 1 (FHV-1) Infection
Feline Herpesvirus 1 (FHV-1) Infection,Feline Herpesvirus 1 (FHV-1) Infection
Feline Herpesvirus 1 (FHV-1) Infection,Feline Herpesvirus 1 (FHV-1) Infection
Feline Herpesvirus 1 (FHV-1) Infection,Feline Herpesvirus 1 (FHV-1) Infection
Feline Herpesvirus 1 (FHV-1) Infection,Feline Herpesvirus 1 (FHV-1) Infection
Feline Herpesvirus 1 (FHV-1) Infection,Feline Herpesvirus 1 (FHV-1) Infection
Feline Herpesvirus 1 (FHV-1) Infection,Feline Herpesvirus 1 (FHV-1) Infection
Feline Herpesvirus 1 (FHV-1) Infection,Feline Herpesvirus 1 (FHV-1) Infection
Feline Herpesvirus 1 (FHV-1) Infection,Feline Herpesvirus 1 (FHV-1) Infection
Feline Herpesvirus 1 (FHV-1) Infection,Feline Herpesvirus 1 (FHV-1) Infection
Feline Herpesvirus 1 (FHV-1) Infection,Feline Herpesvirus 1 (FHV-1) Infection
Feline Herpesvirus 1 (FHV-1) Infection,Feline Herpesvirus 1 (FHV-1) Infection
Feline Herpesvirus 1 (FHV-1) Infection,Feline Herpesvirus 1 (FHV-1) Infection
Feline Herpesvirus 1 (FHV-1) Infection,Feline Herpesvirus 1 (FHV-1) Infection
Feline Herpesvirus 1 (FHV-1) Infection,Feline Herpesvirus 1 (FHV-1) Infection
Feline Herpesvirus 1 (FHV-1) Infection,Feline Herpesvirus 1 (FHV-1) Infection
Feline Herpesvirus 1 (FHV-1) Infection,Feline Herpesvirus 1 (FHV-1) Infection
Feline Herpesvirus 1 (FHV-1) Infection,Feline Herpesvirus 1 (FHV-1) Infection
Feline Herpesvirus 1 (FHV-1) Infection,Feline Herpesvirus 1 (FHV-1) Infection
Feline Herpesvirus 1 (FHV-1) Infection,Feline Herpesvirus 1 (FHV-1) Infection
Feline Herpesvirus 1 (FHV-1) Infection,Feline Herpesvirus 1 (FHV-1) Infection
Feline Herpesvirus 1 (FHV-1) Infection,Feline Herpesvirus 1 (FHV-1) Infection
Feline Herpesvirus 1 (FHV-1) Infection,Feline Herpesvirus 1 (FHV-1) Infection
Feline Herpesvirus 1 (FHV-1) Infection,Feline Herpesvirus 1 (FHV-1) Infection
Feline Herpesvirus 1 (FHV-1) Infection,Feline Herpesvirus 1 (FHV-1) Infection
Feline Herpesvirus 1 (FHV-1) Infection,Feline Herpesvirus 1 (FHV-1) Infection
Feline Herpesvirus 1 (FHV-1) Infection,Feline Herpesvirus 1 (FHV-1) Infection
Feline Herpesvirus 1 (FHV-1) Infection,Feline Herpesvirus 1 (FHV-1) Infection
Feline Herpesvirus 1 (FHV-1) Infection,Feline Herpesvirus 1 (FHV-1) Infection
Feline Herpesvirus 1 (FHV-1) Infection,Feline Herpesvirus 1 (FHV-1) Infection
Feline Herpesvirus 1 (FHV-1) Infection,Feline Herpesvirus 1 (FHV-1) Infection
Feline Herpesvirus 1 (FHV-1) Infection,Feline Herpesvirus 1 (FHV-1) Infection
Feline Herpesvirus 1 (FHV-1) Infection,Feline Herpesvirus 1 (FHV-1) Infection
Feline Herpesvirus 1 (FHV-1) Infection,Feline Herpesvirus 1 (FHV-1) Infection
Feline Herpesvirus 1 (FHV-1) Infection,Feline Herpesvirus 1 (FHV-1) Infection
Feline Herpesvirus 1 (FHV-1) Infection,Feline Herpesvirus 1 (FHV-1) Infection
Feline Herpesvirus 1 (FHV-1) Infection,Feline Herpesvirus 1 (FHV-1) Infection
Feline Herpesvirus 1 (FHV-1) Infection,Feline Herpesvirus 1 (FHV-1) Infection
Feline Herpesvirus 1 (FHV-1) Infection,Feline Herpesvirus 1 (FHV-1) Infection
Feline Herpesvirus 1 (FHV-1) Infection,Feline Herpesvirus 1 (FHV-1) Infection
Feline Herpesvirus 1 (FHV-1) Infection,Feline Herpesvirus 1 (FHV-1) Infection
Feline Herpesvirus 1 (FHV-1) Infection,Feline Herpesvirus 1 (FHV-1) Infection
Feline Herpesvirus 1 (FHV-1) Infection,Feline Herpesvirus 1 (FHV-1) Infection
Feline Herpesvirus 1 (FHV-1) Infection,Feline Herpesvirus 1 (FHV-1) Infection
Feline Herpesvirus 1 (FHV-1) Infection,Feline Herpesvirus 1 (FHV-1) Infection
Feline Hypertrophic Cardiomyopathy (HCM) in Cats,Feline Hypertrophic Cardiomyopathy (HCM) in Cats
Feline Hypertrophic Cardiomyopathy (HCM) in Cats,Feline Hypertrophic Cardiomyopathy (HCM) in Cats
Feline Hypertrophic Cardiomyopathy (HCM) in Cats,Feline Hypertrophic Cardiomyopathy (HCM) in Cats
Feline Hypertrophic Cardiomyopathy (HCM) in Cats,Feline Hypertrophic Cardiomyopathy (HCM) in Cats
Feline Hypertrophic Cardiomyopathy (HCM) in Cats,Feline Hypertrophic Cardiomyopathy (HCM) in Cats
Feline Hypertrophic Cardiomyopathy (HCM) in Cats,Feline Hypertrophic Cardiomyopathy (HCM) in Cats
Feline Hypertrophic Cardiomyopathy (HCM) in Cats,Feline Hypertrophic Cardiomyopathy (HCM) in Cats
Feline Hypertrophic Cardiomyopathy (HCM) in Cats,Feline Hypertrophic Cardiomyopathy (HCM) in Cats
Feline Hypertrophic Cardiomyopathy (HCM) in Cats,Feline Hypertrophic Cardiomyopathy (HCM) in Cats
Feline Hypertrophic Cardiomyopathy (HCM) in Cats,Feline Hypertrophic Cardiomyopathy (HCM) in Cats
Feline Hypertrophic Cardiomyopathy (HCM) in Cats,Feline Hypertrophic Cardiomyopathy (HCM) in Cats
Feline Hypertrophic Cardiomyopathy (HCM) in Cats,Feline Hypertrophic Cardiomyopathy (HCM) in Cats
Feline Hypertrophic Cardiomyopathy (HCM) in Cats,Feline Hypertrophic Cardiomyopathy (HCM) in Cats
Feline Hypertrophic Cardiomyopathy (HCM) in Cats,Feline Hypertrophic Cardiomyopathy (HCM) in Cats
Feline Hypertrophic Cardiomyopathy (HCM) in Cats,Feline Hypertrophic Cardiomyopathy (HCM) in Cats
Feline Hypertrophic Cardiomyopathy (HCM) in Cats,Feline Hypertrophic Cardiomyopathy (HCM) in Cats
Feline Hypertrophic Cardiomyopathy (HCM) in Cats,Feline Hypertrophic Cardiomyopathy (HCM) in Cats
Feline Hypertrophic Cardiomyopathy (HCM) in Cats,Feline Hypertrophic Cardiomyopathy (HCM) in Cats
Feline Hypertrophic Cardiomyopathy (HCM) in Cats,Feline Hypertrophic Cardiomyopathy (HCM) in Cats
Feline Hypertrophic Cardiomyopathy (HCM) in Cats,Feline Hypertrophic Cardiomyopathy (HCM) in Cats
Feline Hypertrophic Cardiomyopathy (HCM) in Cats,Feline Hypertrophic Cardiomyopathy (HCM) in Cats
Feline Hypertrophic Cardiomyopathy (HCM) in Cats,Feline Hypertrophic Cardiomyopathy (HCM) in Cats
Feline Hypertrophic Cardiomyopathy (HCM) in Cats,Feline Hypertrophic Cardiomyopathy (HCM) in Cats
Feline Hypertrophic Cardiomyopathy (HCM) in Cats,Feline Hypertrophic Cardiomyopathy (HCM) in Cats
Feline Hypertrophic Cardiomyopathy (HCM) in Cats,Feline Hypertrophic Cardiomyopathy (HCM) in Cats
Feline Hypertrophic Cardiomyopathy (HCM) in Cats,Feline Hypertrophic Cardiomyopathy (HCM) in Cats
Feline Hypertrophic Cardiomyopathy (HCM) in Cats,Feline Hypertrophic Cardiomyopathy (HCM) in Cats
Feline Hypertrophic Cardiomyopathy (HCM) in Cats,Feline Hypertrophic Cardiomyopathy (HCM) in Cats
Feline Hypertrophic Cardiomyopathy (HCM) in Cats,Feline Hypertrophic Cardiomyopathy (HCM) in Cats
Feline Hypertrophic Cardiomyopathy (HCM) in Cats,Feline Hypertrophic Cardiomyopathy (HCM) in Cats
Giardia in Cats,Giardia in Cats
Giardia in Cats,Giardia in Cats
Giardia in Cats,Giardia in Cats
Giardia in Cats,Giardia in Cats
Giardia in Cats,Giardia in Cats
Giardia in Cats,Giardia in Cats
Giardia in Cats,Giardia in Cats
Giardia in Cats,Giardia in Cats
Giardia in Cats,Giardia in Cats
Giardia in Cats,Giardia in Cats
Giardia in Cats,Giardia in Cats
Giardia in Cats,Giardia in Cats
Giardia in Cats,Giardia in Cats
Giardia in Cats,Giardia in Cats
Giardia in Cats,Giardia in Cats
Giardia in Cats,Giardia in Cats
Giardia in Cats,Giardia in Cats
Giardia in Cats,Giardia in Cats
Giardia in Cats,Giardia in Cats
Giardia in Cats,Giardia in Cats
Giardia in Cats,Giardia in Cats
Giardia in Cats,Giardia in Cats
Giardia in Cats,Giardia in Cats
Giardia in Cats,Giardia in Cats
Giardia in Cats,Giardia in Cats
Giardia in Cats,Giardia in Cats
Giardia in Cats,Giardia in Cats
Giardia in Cats,Giardia in Cats
Giardia in Cats,Giardia in Cats
Giardia in Cats,Giardia in Cats
Gingivitis in Cats,Gingivitis in Cats
Gingivitis in Cats,Gingivitis in Cats
Gingivitis in Cats,Gingivitis in Cats
Gingivitis in Cats,Gingivitis in Cats
Gingivitis in Cats,Gingivitis in Cats
Gingivitis in Cats,Gingivitis in Cats
Gingivitis in Cats,Gingivitis in Cats
Gingivitis in Cats,Gingivitis in Cats
Gingivitis in Cats,Gingivitis in Cats
Gingivitis in Cats,Gingivitis in Cats
Gingivitis in Cats,Gingivitis in Cats
Gingivitis in Cats,Gingivitis in Cats
Gingivitis in Cats,Gingivitis in Cats
Gingivitis in Cats,Gingivitis in Cats
Gingivitis in Cats,Gingivitis in Cats
Gingivitis in Cats,Gingivitis in Cats
Gingivitis in Cats,Gingivitis in Cats
Gingivitis in Cats,Gingivitis in Cats
Gingivitis in Cats,Gingivitis in Cats
Gingivitis in Cats,Gingivitis in Cats
Gingivitis in Cats,Gingivitis in Cats
Gingivitis in Cats,Gingivitis in Cats
Gingivitis in Cats,Gingivitis in Cats
Gingivitis in Cats,Gingivitis in Cats
Gingivitis in Cats,Gingivitis in Cats
Gingivitis in Cats,Gingivitis in Cats
Gingivitis in Cats,Gingivitis in Cats
Gingivitis in Cats,Gingivitis in Cats
Gingivitis in Cats,Gingivitis in Cats
Gingivitis in Cats,Gingivitis in Cats
Gingivitis in Cats,Gingivitis in Cats
Gingivitis in Cats,Gingivitis in Cats
Gingivitis in Cats,Gingivitis in Cats
Gingivitis in Cats,Gingivitis in Cats
Gingivitis in Cats,Gingivitis in Cats
Gingivitis in Cats,Gingivitis in Cats
Gingivitis in Cats,Gingivitis in Cats
Gingivitis in Cats,Gingivitis in Cats
Gingivitis in Cats,Gingivitis in Cats
Gingivitis in Cats,Gingivitis in Cats
Gingivitis in Cats,Gingivitis in Cats
Gingivitis in Cats,Gingivitis in Cats
Gingivitis in Cats,Gingivitis in Cats
Gingivitis in Cats,Gingivitis in Cats
Gingivitis in Cats,Gingivitis in Cats
Gingivitis in Cats,Ehrlichiosis in Cats
Gingivitis in Cats,Gingivitis in Cats
Gingivitis in Cats,Gingivitis in Cats
Gingivitis in Cats,Gingivitis in Cats
Gingivitis in Cats,Gingivitis in Cats
Heartworm Disease in Cats,Heartworm Disease in Cats
Heartworm Disease in Cats,Heartworm Disease in Cats
Heartworm Disease in Cats,Ehrlichiosis in Cats
Heartworm Disease in Cats,Heartworm Disease in Cats
Heartworm Disease in Cats,Heartworm Disease in Cats
Heartworm Disease in Cats,Heartworm Disease in Cats
Heartworm Disease in Cats,Heartworm Disease in Cats
Heartworm Disease in Cats,Heartworm Disease in Cats
Heartworm Disease in Cats,Heartworm Disease in Cats
Heartworm Disease in Cats,Heartworm Disease in Cats
Heartworm Disease in Cats,Heartworm Disease in Cats
Heartworm Disease in Cats,Heartworm Disease in Cats
Heartworm Disease in Cats,Heartworm Disease in Cats
Heartworm Disease in Cats,Heartworm Disease in Cats
Heartworm Disease in Cats,Heartworm Disease in Cats
Hip Dysplasia in Cats,Hip Dysplasia in Cats
Hip Dysplasia in Cats,Hip Dysplasia in Cats
Hip Dysplasia in Cats,Hip Dysplasia in Cats
Hip Dysplasia in Cats,Hip Dysplasia in Cats
Hip Dysplasia in Cats,Hip Dysplasia in Cats
Hip Dysplasia in Cats,Hip Dysplasia in Cats
Hip Dysplasia in Cats,Hip Dysplasia in Cats
Hip Dysplasia in Cats,Hip Dysplasia in Cats
Hip Dysplasia in Cats,Hip Dysplasia in Cats
Hip Dysplasia in Cats,Hip Dysplasia in Cats
Hip Dysplasia in Cats,Hip Dysplasia in Cats
Hip Dysplasia in Cats,Hip Dysplasia in Cats
Hip Dysplasia in Cats,Hip Dysplasia in Cats
Hip Dysplasia in Cats,Hip Dysplasia in Cats
Hip Dysplasia in Cats,Hip Dysplasia in Cats
Hookworms in Cats,Hookworms in Cats
Hookworms in Cats,Hookworms in Cats
Hookworms in Cats,Hookworms in Cats
Hookworms in Cats,Hookworms in Cats
Hookworms in Cats,Hookworms in Cats
Hookworms in Cats,Hookworms in Cats
Hookworms in Cats,Hookworms in Cats
Hookworms in Cats,Hookworms in Cats
Hookworms in Cats,Hookworms in Cats
Hookworms in Cats,Hookworms in Cats
Hookworms in Cats,Hookworms in Cats
Hookworms in Cats,Hookworms in Cats
Hookworms in Cats,Hookworms in Cats
Hookworms in Cats,Hookworms in Cats
Hookworms in Cats,Hookworms in Cats
Hookworms in Cats,Hookworms in Cats
Hookworms in Cats,Hookworms in Cats
Hookworms in Cats,Hookworms in Cats
Hookworms in Cats,Hookworms in Cats
Hookworms in Cats,Hookworms in Cats
Hookworms in Cats,Ehrlichiosis in Cats
Hookworms in Cats,Hookworms in Cats
Hookworms in Cats,Ehrlichiosis in Cats
Hookworms in Cats,Hookworms in Cats
Hookworms in Cats,Hookworms in Cats
Hookworms in Cats,Hookworms in Cats
Hookworms in Cats,Hookworms in Cats
Hookworms in Cats,Hookworms in Cats
Hookworms in Cats,Hookworms in Cats
Hookworms in Cats,Hookworms in Cats
Kidney Disease in Cats,Kidney Disease in Cats
Kidney Disease in Cats,Kidney Disease in Cats
Kidney Disease in Cats,Kidney Disease in Cats
Kidney Disease in Cats,Kidney Disease in Cats
Kidney Disease in Cats,Kidney Disease in Cats
Kidney Disease in Cats,Kidney Disease in Cats
Kidney Disease in Cats,Kidney Disease in Cats
Kidney Disease in Cats,Kidney Disease in Cats
Kidney Disease in Cats,Kidney Disease in Cats
Kidney Disease in Cats,Kidney Disease in Cats
Kidney Disease in Cats,Kidney Disease in Cats
Kidney Disease in Cats,Kidney Disease in Cats
Kidney Disease in Cats,Kidney Disease in Cats
Kidney Disease in Cats,Kidney Disease in Cats
Kidney Disease in Cats,Kidney Disease in Cats
Kidney Disease in Cats,Kidney Disease in Cats
Kidney Disease in Cats,Kidney Disease in Cats
Kidney Disease in Cats,Kidney Disease in Cats
Kidney Disease in Cats,Kidney Disease in Cats
Kidney Disease in Cats,Kidney Disease in Cats
Kidney Disease in Cats,Kidney Disease in Cats
Kidney Disease in Cats,Kidney Disease in Cats
Kidney Disease in Cats,Kidney Disease in Cats
Kidney Disease in Cats,Kidney Disease in Cats
Kidney Disease in Cats,Kidney Disease in Cats
Kidney Disease in Cats,Kidney Disease in Cats
Kidney Disease in Cats,Kidney Disease in Cats
Kidney Disease in Cats,Kidney Disease in Cats
Kidney Disease in Cats,Kidney Disease in Cats
Kidney Disease in Cats,Kidney Disease in Cats
Kidney Disease in Cats,Kidney Disease in Cats
Kidney Disease in Cats,Kidney Disease in Cats
Kidney Disease in Cats,Kidney Disease in Cats
Kidney Disease in Cats,Kidney Disease in Cats
Kidney Disease in Cats,Kidney Disease in Cats
Kidney Disease in Cats,Kidney Disease in Cats
Kidney Disease in Cats,Kidney Disease in Cats
Kidney Disease in Cats,Kidney Disease in Cats
Kidney Disease in Cats,Kidney Disease in Cats
Kidney Disease in Cats,Kidney Disease in Cats
Kidney Disease in Cats,Kidney Disease in Cats
Kidney Disease in Cats,Kidney Disease in Cats
Kidney Disease in Cats,Kidney Disease in Cats
Kidney Disease in Cats,Kidney Disease in Cats
Kidney Disease in Cats,Kidney Disease in Cats
Kidney Disease in Cats,Kidney Disease in Cats
Kidney Disease in Cats,Kidney Disease in Cats
Kidney Disease in Cats,Kidney Disease in Cats
Kidney Disease in Cats,Kidney Disease in Cats
Kidney Disease in Cats,Kidney Disease in Cats
Kidney Failure in Cats,Kidney Failure in Cats
Kidney Failure in Cats,Kidney Failure in Cats
Kidney Failure in Cats,Kidney Failure in Cats
Kidney Failure in Cats,Kidney Failure in Cats
Kidney Failure in Cats,Kidney Failure in Cats
Kidney Failure in Cats,Kidney Failure in Cats
Kidney Failure in Cats,Kidney Failure in Cats
Kidney Failure in Cats,Kidney Failure in Cats
Kidney Failure in Cats,Kidney Failure in Cats
Kidney Failure in Cats,Kidney Failure in Cats
Kidney Failure in Cats,Kidney Failure in Cats
Kidney Failure in Cats,Kidney Failure in Cats
Kidney Failure in Cats,Kidney Failure in Cats
Kidney Failure in Cats,Kidney Failure in Cats
Kidney Failure in Cats,Kidney Failure in Cats
Kidney Failure in Cats,Kidney Failure in Cats
Kidney Failure in Cats,Kidney Failure in Cats
Kidney Failure in Cats,Kidney Failure in Cats
Kidney Failure in Cats,Kidney Failure in Cats
Kidney Failure in Cats,Kidney Failure in Cats
Kidney Failure in Cats,Kidney Failure in Cats
Kidney Failure in Cats,Kidney Failure in Cats
Kidney Failure in Cats,Kidney Failure in Cats
Kidney Failure in Cats,Kidney Failure in Cats
Kidney Failure in Cats,Kidney Failure in Cats
Kidney Failure in Cats,Kidney Failure in Cats
Kidney Failure in Cats,Kidney Failure in Cats
Kidney Failure in Cats,Kidney Failure in Cats
Kidney Failure in Cats,Kidney Failure in Cats
Kidney Failure in Cats,Kidney Failure in Cats
Kidney Failure in Cats,Kidney Failure in Cats
Kidney Failure in Cats,Kidney Failure in Cats
Kidney Failure in Cats,Kidney Failure in Cats
Kidney Failure in Cats,Kidney Failure in Cats
Kidney Failure in Cats,Kidney Failure in Cats
Kidney Failure in Cats,Kidney Failure in Cats
Kidney Failure in Cats,Kidney Failure in Cats
Kidney Failure in Cats,Kidney Failure in Cats
Kidney Failure in Cats,Kidney Failure in Cats
Kidney Failure in Cats,Kidney Failure in Cats
Kidney Failure in Cats,Kidney Failure in Cats
Kidney Failure in Cats,Kidney Failure in Cats
Kidney Failure in Cats,Kidney Failure in Cats
Kidney Failure in Cats,Kidney Failure in Cats
Kidney Failure in Cats,Kidney Failure in Cats
Kidney Failure in Cats,Kidney Failure in Cats
Kidney Failure in Cats,Kidney Failure in Cats
Kidney Failure in Cats,Kidney Failure in Cats
Kidney Failure in Cats,Kidney Failure in Cats
Kidney Failure in Cats,Kidney Failure in Cats
Kidney Infections in Cats,Kidney Infections in Cats
Kidney Infections in Cats,Kidney Infections in Cats
Kidney Infections in Cats,Kidney Infections in Cats
Kidney Infections in Cats,Kidney Infections in Cats
Kidney Infections in Cats,Kidney Infections in Cats
Kidney Infections in Cats,Kidney Infections in Cats
Kidney Infections in Cats,Kidney Infections in Cats
Kidney Infections in Cats,Kidney Infections in Cats
Kidney Infections in Cats,Kidney Infections in Cats
Kidney Infections in Cats,Kidney Infections in Cats
Kidney Infections in Cats,Kidney Infections in Cats
Kidney Infections in Cats,Kidney Infections in Cats
Kidney Infections in Cats,Kidney Infections in Cats
Kidney Infections in Cats,Kidney Infections in Cats
Kidney Infections in Cats,Kidney Infections in Cats
Kidney Infections in Cats,Kidney Infections in Cats
Kidney Infections in Cats,Kidney Infections in Cats
Kidney Infections in Cats,Kidney Infections in Cats
Kidney Infections in Cats,Kidney Infections in Cats
Kidney Infections in Cats,Kidney Infections in Cats
Kidney Infections in Cats,Kidney Infections in Cats
Kidney Infections in Cats,Kidney Infections in Cats
Kidney Infections in Cats,Kidney Infections in Cats
Kidney Infections in Cats,Kidney Infections in Cats
Kidney Infections in Cats,Kidney Infections in Cats
Kidney Infections in Cats,Kidney Infections in Cats
Kidney Infections in Cats,Kidney Infections in Cats
Kidney Infections in Cats,Kidney Infections in Cats
Kidney Infections in Cats,Kidney Infections in Cats
Kidney Infections in Cats,Kidney Infections in Cats
Kidney Stones in Cats,Kidney Stones in Cats
Kidney Stones in Cats,Kidney Stones in Cats
Kidney Stones in Cats,Kidney Stones in Cats
Kidney Stones in Cats,Kidney Stones in Cats
Kidney Stones in Cats,Kidney Stones in Cats
Kidney Stones in Cats,Kidney Stones in Cats
Kidney Stones in Cats,Kidney Stones in Cats
Kidney Stones in Cats,Kidney Stones in Cats
Kidney Stones in Cats,Ehrlichiosis in Cats
Kidney Stones in Cats,Kidney Stones in Cats
Kidney Stones in Cats,Kidney Stones in Cats
Kidney Stones in Cats,Kidney Stones in Cats
Kidney Stones in Cats,Kidney Stones in Cats
Kidney Stones in Cats,Kidney Stones in Cats
Kidney Stones in Cats,Kidney Stones in Cats
Kidney Stones in Cats,Kidney Stones in Cats
Kidney Stones in Cats,Kidney Stones in Cats
Kidney Stones in Cats,Kidney Stones in Cats
Kidney Stones in Cats,Kidney Stones in Cats
Kidney Stones in Cats,Kidney Stones in Cats
Kidney Stones in Cats,Kidney Stones in Cats
Kidney Stones in Cats,Kidney Stones in Cats
Kidney Stones in Cats,Kidney Stones in Cats
Kidney Stones in Cats,Kidney Stones in Cats
Kidney Stones in Cats,Kidney Stones in Cats
Kidney Stones in Cats,Kidney Stones in Cats
Kidney Stones in Cats,Kidney Stones in Cats
Kidney Stones in Cats,Kidney Stones in Cats
Kidney Stones in Cats,Kidney Stones in Cats
Kidney Stones in Cats,Kidney Stones in Cats
Luxating Patellas in Cats,Luxating Patellas in Cats
Luxating Patellas in Cats,Luxating Patellas in Cats
Luxating Patellas in Cats,Luxating Patellas in Cats
Luxating Patellas in Cats,Luxating Patellas in Cats
Luxating Patellas in Cats,Luxating Patellas in Cats
Luxating Patellas in Cats,Luxating Patellas in Cats
Luxating Patellas in Cats,Luxating Patellas in Cats
Luxating Patellas in Cats,Luxating Patellas in Cats
Luxating Patellas in Cats,Luxating Patellas in Cats
Luxating Patellas in Cats,Luxating Patellas in Cats
Luxating Patellas in Cats,Luxating Patellas in Cats
Luxating Patellas in Cats,Luxating Patellas in Cats
Luxating Patellas in Cats,Luxating Patellas in Cats
Luxating Patellas in Cats,Luxating Patellas in Cats
Luxating Patellas in Cats,Luxating Patellas in Cats
Periodontal Disease in Cats,Periodontal Disease in Cats
Periodontal Disease in Cats,Periodontal Disease in Cats
Periodontal Disease in Cats,Periodontal Disease in Cats
Periodontal Disease in Cats,Periodontal Disease in Cats
Periodontal Disease in Cats,Periodontal Disease in Cats
Periodontal Disease in Cats,Periodontal Disease in Cats
Periodontal Disease in Cats,Periodontal Disease in Cats
Periodontal Disease in Cats,Periodontal Disease in Cats
Periodontal Disease in Cats,Periodontal Disease in Cats
Periodontal Disease in Cats,Periodontal Disease in Cats
Periodontal Disease in Cats,Periodontal Disease in Cats
Periodontal Disease in Cats,Periodontal Disease in Cats
Periodontal Disease in Cats,Periodontal Disease in Cats
Periodontal Disease in Cats,Periodontal Disease in Cats
Periodontal Disease in Cats,Periodontal Disease in Cats
Periodontal Disease in Cats,Periodontal Disease in Cats
Periodontal Disease in Cats,Periodontal Disease in Cats
Periodontal Disease in Cats,Periodontal Disease in Cats
Periodontal Disease in Cats,Periodontal Disease in Cats
Periodontal Disease in Cats,Periodontal Disease in Cats
Periodontal Disease in Cats,Periodontal Disease in Cats
Periodontal Disease in Cats,Periodontal Disease in Cats
Periodontal Disease in Cats,Periodontal Disease in Cats
Periodontal Disease in Cats,Periodontal Disease in Cats
Periodontal Disease in Cats,Periodontal Disease in Cats
Periodontal Disease in Cats,Periodontal Disease in Cats
Periodontal Disease in Cats,Periodontal Disease in Cats
Periodontal Disease in Cats,Periodontal Disease in Cats
Periodontal Disease in Cats,Periodontal Disease in Cats
Periodontal Disease in Cats,Periodontal Disease in Cats
Periodontal Disease in Cats,Periodontal Disease in Cats
Periodontal Disease in Cats,Periodontal Disease in Cats
Periodontal Disease in Cats,Periodontal Disease in Cats
Periodontal Disease in Cats,Periodontal Disease in Cats
Periodontal Disease in Cats,Periodontal Disease in Cats
Periodontal Disease in Cats,Periodontal Disease in Cats
Periodontal Disease in Cats,Periodontal Disease in Cats
Periodontal Disease in Cats,Periodontal Disease in Cats
Periodontal Disease in Cats,Periodontal Disease in Cats
Periodontal Disease in Cats,Periodontal Disease in Cats
Periodontal Disease in Cats,Periodontal Disease in Cats
Periodontal Disease in Cats,Periodontal Disease in Cats
Periodontal Disease in Cats,Periodontal Disease in Cats
Periodontal Disease in Cats,Periodontal Disease in Cats
Periodontal Disease in Cats,Periodontal Disease in Cats
Periodontal Disease in Cats,Periodontal Disease in Cats
Periodontal Disease in Cats,Periodontal Disease in Cats
Periodontal Disease in Cats,Periodontal Disease in Cats
Periodontal Disease in Cats,Periodontal Disease in Cats
Periodontal Disease in Cats,Periodontal Disease in Cats
Rabies in Cats,Ehrlichiosis in Cats
Rabies in Cats,Ehrlichiosis in Cats
Rabies in Cats,Ehrlichiosis in Cats
Rabies in Cats,Rabies in Cats
Rabies in Cats,Ehrlichiosis in Cats
Rabies in Cats,Rabies in Cats
Rabies in Cats,Ehrlichiosis in Cats
Rabies in Cats,Ehrlichiosis in Cats
Rabies in Cats,Rabies in Cats
Rabies in Cats,Rabies in Cats
Rabies in Cats,Ehrlichiosis in Cats
Rabies in Cats,Ehrlichiosis in Cats
Rabies in Cats,Rabies in Cats
Rabies in Cats,Ehrlichiosis in Cats
Rabies in Cats,Ehrlichiosis in Cats
Roundworms in Cats,Roundworms in Cats
Roundworms in Cats,Roundworms in Cats
Roundworms in Cats,Roundworms in Cats
Roundworms in Cats,Roundworms in Cats
Roundworms in Cats,Roundworms in Cats
Roundworms in Cats,Roundworms in Cats
Roundworms in Cats,Roundworms in Cats
Roundworms in Cats,Roundworms in Cats
Roundworms in Cats,Roundworms in Cats
Roundworms in Cats,Roundworms in Cats
Roundworms in Cats,Roundworms in Cats
Roundworms in Cats,Roundworms in Cats
Roundworms in Cats,Roundworms in Cats
Roundworms in Cats,Roundworms in Cats
Roundworms in Cats,Roundworms in Cats
Roundworms in Cats,Roundworms in Cats
Roundworms in Cats,Roundworms in Cats
Roundworms in Cats,Roundworms in Cats
Roundworms in Cats,Roundworms in Cats
Roundworms in Cats,Roundworms in Cats
Roundworms in Cats,Roundworms in Cats
Roundworms in Cats,Roundworms in Cats
Roundworms in Cats,Roundworms in Cats
Roundworms in Cats,Roundworms in Cats
Roundworms in Cats,Roundworms in Cats
Roundworms in Cats,Roundworms in Cats
Roundworms in Cats,Roundworms in Cats
Roundworms in Cats,Roundworms in Cats
Roundworms in Cats,Roundworms in Cats
Roundworms in Cats,Roundworms in Cats
Roundworms in Cats,Roundworms in Cats
Roundworms in Cats,Roundworms in Cats
Roundworms in Cats,Roundworms in Cats
Roundworms in Cats,Roundworms in Cats
Roundworms in Cats,Roundworms in Cats
Roundworms in Cats,Roundworms in Cats
Roundworms in Cats,Roundworms in Cats
Roundworms in Cats,Roundworms in Cats
Roundworms in Cats,Roundworms in Cats
Roundworms in Cats,Roundworms in Cats
Roundworms in Cats,Roundworms in Cats
Roundworms in Cats,Roundworms in Cats
Roundworms in Cats,Roundworms in Cats
Roundworms in Cats,Roundworms in Cats
Roundworms in Cats,Roundworms in Cats
Roundworms in Cats,Roundworms in Cats
Roundworms in Cats,Roundworms in Cats
Roundworms in Cats,Roundworms in Cats
Roundworms in Cats,Roundworms in Cats
Roundworms in Cats,Roundworms in Cats
Stomatitis in Cats,Stomatitis in Cats
Stomatitis in Cats,Stomatitis in Cats
Stomatitis in Cats,Ehrlichiosis in Cats
Stomatitis in Cats,Stomatitis in Cats
Stomatitis in Cats,Stomatitis in Cats
Stomatitis in Cats,Stomatitis in Cats
Stomatitis in Cats,Stomatitis in Cats
Stomatitis in Cats,Ehrlichiosis in Cats
Stomatitis in Cats,Stomatitis in Cats
Stomatitis in Cats,Stomatitis in Cats
Stomatitis in Cats,Ehrlichiosis in Cats
Stomatitis in Cats,Stomatitis in Cats
Stomatitis in Cats,Ehrlichiosis in Cats
Stomatitis in Cats,Stomatitis in Cats
Stomatitis in Cats,Stomatitis in Cats
Stomatitis in Cats,Ehrlichiosis in Cats
Stomatitis in Cats,Ehrlichiosis in Cats
Stomatitis in Cats,Stomatitis in Cats
Stomatitis in Cats,Ehrlichiosis in Cats
Stomatitis in Cats,Stomatitis in Cats
Stomatitis in Cats,Ehrlichiosis in Cats
Stomatitis in Cats,Stomatitis in Cats
Stomatitis in Cats,Stomatitis in Cats
Stomatitis in Cats,Stomatitis in Cats
Stomatitis in Cats,Stomatitis in Cats
Stomatitis in Cats,Stomatitis in Cats
Stomatitis in Cats,Ehrlichiosis in Cats
Stomatitis in Cats,Stomatitis in Cats
Stomatitis in Cats,Stomatitis in Cats
Stomatitis in Cats,Stomatitis in Cats
Tapeworms in Cats,Tapeworms in Cats
Tapeworms in Cats,Tapeworms in Cats
Tapeworms in Cats,Tapeworms in Cats
Tapeworms in Cats,Tapeworms in Cats
Tapeworms in Cats,Tapeworms in Cats
Tapeworms in Cats,Tapeworms in Cats
Tapeworms in Cats,Tapeworms in Cats
Tapeworms in Cats,Tapeworms in Cats
Tapeworms in Cats,Tapeworms in Cats
Tapeworms in Cats,Tapeworms in Cats
Tapeworms in Cats,Tapeworms in Cats
Tapeworms in Cats,Tapeworms in Cats
Tapeworms in Cats,Tapeworms in Cats
Tapeworms in Cats,Tapeworms in Cats
Tapeworms in Cats,Tapeworms in Cats
Tapeworms in Cats,Tapeworms in Cats
Tapeworms in Cats,Tapeworms in Cats
Tapeworms in Cats,Tapeworms in Cats
Tapeworms in Cats,Tapeworms in Cats
Tapeworms in Cats,Tapeworms in Cats
Tapeworms in Cats,Tapeworms in Cats
Tapeworms in Cats,Tapeworms in Cats
Tapeworms in Cats,Tapeworms in Cats
Tapeworms in Cats,Tapeworms in Cats
Tapeworms in Cats,Tapeworms in Cats
Tapeworms in Cats,Tapeworms in Cats
Tapeworms in Cats,Tapeworms in Cats
Tapeworms in Cats,Tapeworms in Cats
Tapeworms in Cats,Tapeworms in Cats
Tapeworms in Cats,Tapeworms in Cats
Tapeworms in Cats,Tapeworms in Cats
Tapeworms in Cats,Tapeworms in Cats
Tapeworms in Cats,Tapeworms in Cats
Tapeworms in Cats,Tapeworms in Cats
Tapeworms in Cats,Tapeworms in Cats
Tapeworms in Cats,Tapeworms in Cats
Tapeworms in Cats,Tapeworms in Cats
Tapeworms in Cats,Tapeworms in Cats
Tapeworms in Cats,Tapeworms in Cats
Tapeworms in Cats,Tapeworms in Cats
Tapeworms in Cats,Tapeworms in Cats
Tapeworms in Cats,Tapeworms in Cats
Tapeworms in Cats,Tapeworms in Cats
Tapeworms in Cats,Tapeworms in Cats
Tapeworms in Cats,Tapeworms in Cats
Tapeworms in Cats,Tapeworms in Cats
Tapeworms in Cats,Tapeworms in Cats
Tapeworms in Cats,Tapeworms in Cats
Tapeworms in Cats,Tapeworms in Cats
Tapeworms in Cats,Tapeworms in Cats
Tooth Resorption in Cats,Tooth Resorption in Cats
Tooth Resorption in Cats,Tooth Resorption in Cats
Tooth Resorption in Cats,Tooth Resorption in Cats
Tooth Resorption in Cats,Tooth Resorption in Cats
Tooth Resorption in Cats,Tooth Resorption in Cats
Tooth Resorption in Cats,Tooth Resorption in Cats
Tooth Resorption in Cats,Tooth Resorption in Cats
Tooth Resorption in Cats,Tooth Resorption in Cats
Tooth Resorption in Cats,Tooth Resorption in Cats
Tooth Resorption in Cats,Tooth Resorption in Cats
Tooth Resorption in Cats,Tooth Resorption in Cats
Tooth Resorption in Cats,Tooth Resorption in Cats
Tooth Resorption in Cats,Tooth Resorption in Cats
Tooth Resorption in Cats,Tooth Resorption in Cats
Tooth Resorption in Cats,Tooth Resorption in Cats
Tooth Resorption in Cats,Tooth Resorption in Cats
Tooth Resorption in Cats,Tooth Resorption in Cats
Tooth Resorption in Cats,Tooth Resorption in Cats
Tooth Resorption in Cats,Tooth Resorption in Cats
Tooth Resorption in Cats,Tooth Resorption in Cats
Tooth Resorption in Cats,Tooth Resorption in Cats
Tooth Resorption in Cats,Tooth Resorption in Cats
Tooth Resorption in Cats,Tooth Resorption in Cats
Tooth Resorption in Cats,Tooth Resorption in Cats
Tooth Resorption in Cats,Tooth Resorption in Cats
Tooth Resorption in Cats,Tooth Resorption in Cats
Tooth Resorption in Cats,Tooth Resorption in Cats
Tooth Resorption in Cats,Tooth Resorption in Cats
Tooth Resorption in Cats,Tooth Resorption in Cats
Tooth Resorption in Cats,Tooth Resorption in Cats
Tooth Resorption in Cats,Tooth Resorption in Cats
Tooth Resorption in Cats,Tooth Resorption in Cats
Tooth Resorption in Cats,Tooth Resorption in Cats
Tooth Resorption in Cats,Tooth Resorption in Cats
Tooth Resorption in Cats,Tooth Resorption in Cats
Tooth Resorption in Cats,Tooth Resorption in Cats
Tooth Resorption in Cats,Tooth Resorption in Cats
Tooth Resorption in Cats,Tooth Resorption in Cats
Tooth Resorption in Cats,Tooth Resorption in Cats
Tooth Resorption in Cats,Tooth Resorption in Cats
Tooth Resorption in Cats,Tooth Resorption in Cats
Tooth Resorption in Cats,Tooth Resorption in Cats
Tooth Resorption in Cats,Tooth Resorption in Cats
Tooth Resorption in Cats,Tooth Resorption in Cats
Tooth Resorption in Cats,Tooth Resorption in Cats
Tooth Resorption in Cats,Tooth Resorption in Cats
Tooth Resorption in Cats,Tooth Resorption in Cats
Tooth Resorption in Cats,Tooth Resorption in Cats
Tooth Resorption in Cats,Tooth Resorption in Cats
Tooth Resorption in Cats,Tooth Resorption in Cats
Toxoplasmosis in Cats,Toxoplasmosis in Cats
Toxoplasmosis in Cats,Toxoplasmosis in Cats
Toxoplasmosis in Cats,Toxoplasmosis in Cats
Toxoplasmosis in Cats,Toxoplasmosis in Cats
Toxoplasmosis in Cats,Toxoplasmosis in Cats
Toxoplasmosis in Cats,Toxoplasmosis in Cats
Toxoplasmosis in Cats,Toxoplasmosis in Cats
Toxoplasmosis in Cats,Toxoplasmosis in Cats
Toxoplasmosis in Cats,Toxoplasmosis in Cats
Toxoplasmosis in Cats,Toxoplasmosis in Cats
Toxoplasmosis in Cats,Toxoplasmosis in Cats
Toxoplasmosis in Cats,Toxoplasmosis in Cats
Toxoplasmosis in Cats,Toxoplasmosis in Cats
Toxoplasmosis in Cats,Toxoplasmosis in Cats
Toxoplasmosis in Cats,Toxoplasmosis in Cats
Toxoplasmosis in Cats,Toxoplasmosis in Cats
Toxoplasmosis in Cats,Toxoplasmosis in Cats
Toxoplasmosis in Cats,Toxoplasmosis in Cats
Toxoplasmosis in Cats,Toxoplasmosis in Cats
Toxoplasmosis in Cats,Toxoplasmosis in Cats
Toxoplasmosis in Cats,Toxoplasmosis in Cats
Toxoplasmosis in Cats,Toxoplasmosis in Cats
Toxoplasmosis in Cats,Ehrlichiosis in Cats
Toxoplasmosis in Cats,Toxoplasmosis in Cats
Toxoplasmosis in Cats,Toxoplasmosis in Cats
Toxoplasmosis in Cats,Toxoplasmosis in Cats
Toxoplasmosis in Cats,Toxoplasmosis in Cats
Toxoplasmosis in Cats,Toxoplasmosis in Cats
Toxoplasmosis in Cats,Toxoplasmosis in Cats
Toxoplasmosis in Cats,Toxoplasmosis in Cats
Toxoplasmosis in Cats,Ehrlichiosis in Cats
Toxoplasmosis in Cats,Toxoplasmosis in Cats
Toxoplasmosis in Cats,Toxoplasmosis in Cats
Toxoplasmosis in Cats,Toxoplasmosis in Cats
Toxoplasmosis in Cats,Toxoplasmosis in Cats
Toxoplasmosis in Cats,Toxoplasmosis in Cats
Toxoplasmosis in Cats,Toxoplasmosis in Cats
Toxoplasmosis in Cats,Toxoplasmosis in Cats
Toxoplasmosis in Cats,Toxoplasmosis in Cats
Toxoplasmosis in Cats,Ehrlichiosis in Cats
Toxoplasmosis in Cats,Toxoplasmosis in Cats
Toxoplasmosis in Cats,Toxoplasmosis in Cats
Toxoplasmosis in Cats,Toxoplasmosis in Cats
Toxoplasmosis in Cats,Ehrlichiosis in Cats
Toxoplasmosis in Cats,Toxoplasmosis in Cats
Toxoplasmosis in Cats,Toxoplasmosis in Cats
Toxoplasmosis in Cats,Toxoplasmosis in Cats
Toxoplasmosis in Cats,Toxoplasmosis in Cats
Toxoplasmosis in Cats,Toxoplasmosis in Cats
Toxoplasmosis in Cats,Toxoplasmosis in Cats
